order_date,sku_id,quantity,channel,region
2025-12-14,SKU-001,41.1,online,Midwest
2025-12-15,SKU-001,27.7,online,Northeast
2025-12-16,SKU-001,34.5,wholesale,Northeast
2025-12-17,SKU-001,33.1,online,Northeast
2025-12-18,SKU-001,27.1,retail,Northeast
2025-12-19,SKU-001,32.5,retail,Southwest
2025-12-20,SKU-001,43.0,online,Midwest
2025-12-21,SKU-001,43.9,online,Southeast
2025-12-22,SKU-001,34.5,online,Southeast
2025-12-23,SKU-001,26.9,retail,Northeast
2025-12-24,SKU-001,24.9,online,Midwest
2025-12-25,SKU-001,32.8,retail,West
2025-12-26,SKU-001,31.7,wholesale,West
2025-12-27,SKU-001,34.9,online,Southwest
2025-12-28,SKU-001,44.8,online,Southeast
2025-12-29,SKU-001,34.1,online,Southeast
2025-12-30,SKU-001,35.1,wholesale,Southeast
2025-12-31,SKU-001,36.4,online,West
2026-01-01,SKU-001,32.8,online,Midwest
2026-01-02,SKU-001,28.4,retail,Northeast
2026-01-03,SKU-001,45.8,online,Southeast
2026-01-04,SKU-001,30.7,online,Southwest
2026-01-05,SKU-001,26.1,online,Northeast
2026-01-06,SKU-001,26.2,online,Midwest
2026-01-07,SKU-001,28.7,online,Southwest
2026-01-08,SKU-001,35.8,online,West
2026-01-09,SKU-001,28.4,wholesale,West
2026-01-10,SKU-001,34.9,online,Southwest
2026-01-11,SKU-001,36.8,retail,West
2026-01-12,SKU-001,35.6,online,Southeast
2026-01-13,SKU-001,37.0,online,West
2026-01-14,SKU-001,23.5,online,Northeast
2026-01-15,SKU-001,24.3,online,West
2026-01-16,SKU-001,30.7,online,Southwest
2026-01-17,SKU-001,51.7,retail,Southwest
2026-01-18,SKU-001,41.5,online,Northeast
2026-01-19,SKU-001,31.6,retail,Midwest
2026-01-20,SKU-001,32.7,online,Midwest
2026-01-21,SKU-001,27.8,online,Midwest
2026-01-22,SKU-001,35.3,retail,Southwest
2026-01-23,SKU-001,34.4,wholesale,Midwest
2026-01-24,SKU-001,47.2,retail,Southeast
2026-01-25,SKU-001,28.2,retail,Southwest
2026-01-26,SKU-001,34.5,wholesale,Northeast
2026-01-27,SKU-001,29.4,online,Northeast
2026-01-28,SKU-001,33.8,wholesale,Midwest
2026-01-29,SKU-001,24.1,online,Southwest
2026-01-30,SKU-001,33.8,online,West
2026-01-31,SKU-001,45.2,wholesale,Southwest
2026-02-01,SKU-001,37.5,online,West
2026-02-02,SKU-001,33.3,online,Southwest
2026-02-03,SKU-001,32.1,online,Southeast
2026-02-04,SKU-001,32.7,retail,Southeast
2026-02-05,SKU-001,29.7,online,Midwest
2026-02-06,SKU-001,25.9,retail,Northeast
2026-02-07,SKU-001,33.0,online,Northeast
2026-02-08,SKU-001,33.4,online,Southeast
2026-02-09,SKU-001,19.8,retail,Northeast
2026-02-10,SKU-001,22.6,wholesale,Midwest
2026-02-11,SKU-001,20.4,online,West
2026-02-12,SKU-001,22.2,online,Southwest
2026-02-13,SKU-001,26.7,online,West
2026-02-14,SKU-001,42.0,online,Northeast
2026-02-15,SKU-001,33.3,online,West
2026-02-16,SKU-001,24.9,retail,Northeast
2026-02-17,SKU-001,19.6,retail,Northeast
2026-02-18,SKU-001,21.9,online,West
2026-02-19,SKU-001,20.4,online,West
2026-02-20,SKU-001,21.7,wholesale,West
2026-02-21,SKU-001,40.4,wholesale,Northeast
2026-02-22,SKU-001,23.0,wholesale,Northeast
2026-02-23,SKU-001,30.0,wholesale,Southeast
2026-02-24,SKU-001,20.2,online,Southeast
2026-02-25,SKU-001,28.4,wholesale,Southeast
2026-02-26,SKU-001,22.5,wholesale,Midwest
2026-02-27,SKU-001,28.9,retail,Midwest
2026-02-28,SKU-001,32.3,wholesale,Southwest
2026-03-01,SKU-001,30.8,online,Southeast
2026-03-02,SKU-001,21.0,wholesale,Southwest
2026-03-03,SKU-001,26.0,online,Midwest
2026-03-04,SKU-001,18.0,retail,Southwest
2026-03-05,SKU-001,27.8,retail,Northeast
2026-03-06,SKU-001,28.1,online,Southeast
2026-03-07,SKU-001,25.3,online,Southeast
2026-03-08,SKU-001,26.0,wholesale,Southwest
2026-03-09,SKU-001,19.6,retail,Southwest
2026-03-10,SKU-001,17.6,retail,Southwest
2026-03-11,SKU-001,22.4,wholesale,Southeast
2026-03-12,SKU-001,23.9,online,Midwest
2026-03-13,SKU-001,20.8,retail,Midwest
2026-03-14,SKU-001,30.3,wholesale,Northeast
2026-03-15,SKU-001,19.8,retail,Southwest
2026-03-16,SKU-001,26.9,online,Southeast
2026-03-17,SKU-001,21.5,online,Midwest
2026-03-18,SKU-001,25.3,wholesale,Midwest
2026-03-19,SKU-001,18.9,online,Southwest
2026-03-20,SKU-001,23.2,retail,Southwest
2026-03-21,SKU-001,22.4,retail,Midwest
2026-03-22,SKU-001,30.6,online,Southeast
2026-03-23,SKU-001,18.3,wholesale,Southwest
2026-03-24,SKU-001,17.0,online,Southeast
2026-03-25,SKU-001,22.7,online,Midwest
2026-03-26,SKU-001,20.4,online,Northeast
2026-03-27,SKU-001,16.1,online,Midwest
2026-03-28,SKU-001,22.1,online,Southeast
2026-03-29,SKU-001,25.9,online,West
2026-03-30,SKU-001,20.5,online,Northeast
2026-03-31,SKU-001,16.0,wholesale,Southeast
2026-04-01,SKU-001,20.2,retail,Southwest
2026-04-02,SKU-001,20.2,online,Northeast
2026-04-03,SKU-001,17.7,wholesale,Northeast
2026-04-04,SKU-001,33.2,online,Southeast
2026-04-05,SKU-001,25.4,online,Southwest
2026-04-06,SKU-001,23.0,online,Southwest
2026-04-07,SKU-001,21.6,wholesale,Southeast
2026-04-08,SKU-001,22.6,wholesale,Southeast
2026-04-09,SKU-001,22.7,online,Midwest
2026-04-10,SKU-001,21.7,online,Southeast
2026-04-11,SKU-001,23.7,retail,Northeast
2026-04-12,SKU-001,21.5,online,West
2026-04-13,SKU-001,16.2,retail,West
2026-04-14,SKU-001,17.3,retail,Southeast
2026-04-15,SKU-001,16.1,retail,West
2026-04-16,SKU-001,17.0,wholesale,Midwest
2026-04-17,SKU-001,17.2,retail,Southwest
2026-04-18,SKU-001,24.0,online,Midwest
2026-04-19,SKU-001,18.7,wholesale,Midwest
2026-04-20,SKU-001,14.1,retail,Midwest
2026-04-21,SKU-001,20.4,online,Southwest
2026-04-22,SKU-001,22.7,online,Southwest
2026-04-23,SKU-001,15.4,online,West
2026-04-24,SKU-001,13.7,wholesale,Southwest
2026-04-25,SKU-001,28.3,wholesale,Southeast
2026-04-26,SKU-001,20.5,online,Midwest
2026-04-27,SKU-001,19.3,retail,Northeast
2026-04-28,SKU-001,20.1,online,Midwest
2026-04-29,SKU-001,19.6,online,Midwest
2026-04-30,SKU-001,18.6,online,West
2026-05-01,SKU-001,19.7,wholesale,Southwest
2026-05-02,SKU-001,26.5,online,Northeast
2026-05-03,SKU-001,19.7,online,Southwest
2026-05-04,SKU-001,19.0,online,West
2026-05-05,SKU-001,17.5,online,West
2026-05-06,SKU-001,20.7,wholesale,Southeast
2026-05-07,SKU-001,19.5,online,Southwest
2026-05-08,SKU-001,16.6,retail,Southeast
2026-05-09,SKU-001,27.9,online,Southeast
2026-05-10,SKU-001,18.1,online,West
2026-05-11,SKU-001,19.1,retail,West
2026-05-12,SKU-001,17.4,retail,Southeast
2026-05-13,SKU-001,20.2,online,West
2026-05-14,SKU-001,15.9,retail,Northeast
2026-05-15,SKU-001,21.8,wholesale,Northeast
2026-05-16,SKU-001,29.6,online,Southwest
2026-05-17,SKU-001,21.8,retail,Northeast
2026-05-18,SKU-001,18.0,retail,Southwest
2026-05-19,SKU-001,22.9,retail,West
2026-05-20,SKU-001,19.5,retail,Southwest
2026-05-21,SKU-001,17.9,wholesale,West
2026-05-22,SKU-001,22.3,retail,West
2026-05-23,SKU-001,25.9,retail,Midwest
2026-05-24,SKU-001,25.7,retail,Southeast
2026-05-25,SKU-001,16.7,online,Midwest
2026-05-26,SKU-001,16.4,online,Southwest
2026-05-27,SKU-001,15.0,online,West
2026-05-28,SKU-001,20.9,retail,Northeast
2026-05-29,SKU-001,18.3,online,West
2026-05-30,SKU-001,26.2,online,West
2026-05-31,SKU-001,22.1,retail,Northeast
2026-06-01,SKU-001,22.9,retail,West
2026-06-02,SKU-001,19.3,wholesale,Midwest
2026-06-03,SKU-001,22.2,wholesale,West
2026-06-04,SKU-001,20.2,retail,Southwest
2026-06-05,SKU-001,23.9,online,Midwest
2026-06-06,SKU-001,27.5,online,Midwest
2026-06-07,SKU-001,26.4,retail,Southeast
2026-06-08,SKU-001,23.7,wholesale,Southwest
2026-06-09,SKU-001,20.7,wholesale,Southwest
2026-06-10,SKU-001,21.2,online,West
2026-06-11,SKU-001,16.9,online,Northeast
2025-12-14,SKU-002,81.0,online,West
2025-12-15,SKU-002,69.5,retail,West
2025-12-16,SKU-002,67.7,wholesale,West
2025-12-17,SKU-002,66.7,online,Northeast
2025-12-18,SKU-002,121.8,online,Midwest
2025-12-19,SKU-002,65.7,online,Northeast
2025-12-20,SKU-002,104.1,wholesale,Southeast
2025-12-21,SKU-002,108.1,retail,Southeast
2025-12-22,SKU-002,62.1,retail,Southwest
2025-12-23,SKU-002,93.6,online,Midwest
2025-12-24,SKU-002,86.7,online,Southwest
2025-12-25,SKU-002,134.0,retail,Southeast
2025-12-26,SKU-002,94.4,online,Northeast
2025-12-27,SKU-002,112.7,retail,West
2025-12-28,SKU-002,88.1,retail,Northeast
2025-12-29,SKU-002,80.3,retail,Southeast
2025-12-30,SKU-002,61.5,retail,Southwest
2025-12-31,SKU-002,88.6,retail,Southwest
2026-01-01,SKU-002,124.7,online,West
2026-01-02,SKU-002,83.2,online,Midwest
2026-01-03,SKU-002,70.5,online,West
2026-01-04,SKU-002,74.9,wholesale,West
2026-01-05,SKU-002,85.1,online,Southwest
2026-01-06,SKU-002,95.1,online,Southwest
2026-01-07,SKU-002,87.8,online,Southwest
2026-01-08,SKU-002,97.1,wholesale,Northeast
2026-01-09,SKU-002,68.8,online,West
2026-01-10,SKU-002,96.9,retail,Midwest
2026-01-11,SKU-002,71.6,wholesale,Southeast
2026-01-12,SKU-002,77.0,online,Midwest
2026-01-13,SKU-002,71.3,wholesale,Midwest
2026-01-14,SKU-002,79.7,retail,Southeast
2026-01-15,SKU-002,87.5,retail,West
2026-01-16,SKU-002,79.8,online,West
2026-01-17,SKU-002,101.0,online,Northeast
2026-01-18,SKU-002,75.0,online,Southeast
2026-01-19,SKU-002,70.3,retail,West
2026-01-20,SKU-002,80.0,online,Southwest
2026-01-21,SKU-002,71.3,retail,Midwest
2026-01-22,SKU-002,100.1,online,Southeast
2026-01-23,SKU-002,70.8,retail,Southeast
2026-01-24,SKU-002,79.9,retail,Midwest
2026-01-25,SKU-002,105.2,wholesale,Southwest
2026-01-26,SKU-002,82.0,wholesale,Southeast
2026-01-27,SKU-002,70.3,online,Midwest
2026-01-28,SKU-002,59.3,retail,Midwest
2026-01-29,SKU-002,86.0,online,Midwest
2026-01-30,SKU-002,86.1,online,West
2026-01-31,SKU-002,76.1,online,Midwest
2026-02-01,SKU-002,93.6,online,Southeast
2026-02-02,SKU-002,96.8,online,West
2026-02-03,SKU-002,63.4,online,West
2026-02-04,SKU-002,61.9,retail,Northeast
2026-02-05,SKU-002,92.4,retail,Midwest
2026-02-06,SKU-002,62.4,online,Southwest
2026-02-07,SKU-002,108.0,retail,Southwest
2026-02-08,SKU-002,82.4,retail,West
2026-02-09,SKU-002,95.0,online,Southwest
2026-02-10,SKU-002,98.3,online,Southwest
2026-02-11,SKU-002,61.6,wholesale,Northeast
2026-02-12,SKU-002,137.5,online,Southeast
2026-02-13,SKU-002,69.8,online,Southeast
2026-02-14,SKU-002,80.2,online,Northeast
2026-02-15,SKU-002,91.5,retail,West
2026-02-16,SKU-002,71.0,online,Midwest
2026-02-17,SKU-002,87.4,online,Southeast
2026-02-18,SKU-002,96.2,retail,Southwest
2026-02-19,SKU-002,122.0,wholesale,West
2026-02-20,SKU-002,64.2,online,Southeast
2026-02-21,SKU-002,115.9,retail,Northeast
2026-02-22,SKU-002,75.1,retail,Southwest
2026-02-23,SKU-002,89.6,retail,Midwest
2026-02-24,SKU-002,77.3,online,Midwest
2026-02-25,SKU-002,87.7,wholesale,Southwest
2026-02-26,SKU-002,115.7,online,Southwest
2026-02-27,SKU-002,61.5,online,Midwest
2026-02-28,SKU-002,101.7,online,Southeast
2026-03-01,SKU-002,119.2,retail,Southwest
2026-03-02,SKU-002,83.5,online,Midwest
2026-03-03,SKU-002,83.1,retail,Southeast
2026-03-04,SKU-002,78.9,retail,Midwest
2026-03-05,SKU-002,95.8,retail,West
2026-03-06,SKU-002,99.0,online,West
2026-03-07,SKU-002,89.1,retail,Southeast
2026-03-08,SKU-002,89.0,retail,Midwest
2026-03-09,SKU-002,86.9,online,Southwest
2026-03-10,SKU-002,61.8,online,Midwest
2026-03-11,SKU-002,73.4,wholesale,West
2026-03-12,SKU-002,135.3,retail,Northeast
2026-03-13,SKU-002,87.0,retail,West
2026-03-14,SKU-002,75.9,retail,Southwest
2026-03-15,SKU-002,110.2,retail,Northeast
2026-03-16,SKU-002,68.8,retail,Midwest
2026-03-17,SKU-002,78.3,retail,Northeast
2026-03-18,SKU-002,61.8,retail,Southeast
2026-03-19,SKU-002,127.1,online,Northeast
2026-03-20,SKU-002,83.1,online,Northeast
2026-03-21,SKU-002,96.2,online,Southeast
2026-03-22,SKU-002,98.1,retail,Southwest
2026-03-23,SKU-002,89.5,online,West
2026-03-24,SKU-002,100.7,online,Southwest
2026-03-25,SKU-002,66.8,online,Southwest
2026-03-26,SKU-002,116.0,wholesale,Northeast
2026-03-27,SKU-002,72.2,retail,West
2026-03-28,SKU-002,90.6,retail,Midwest
2026-03-29,SKU-002,114.4,online,Midwest
2026-03-30,SKU-002,95.3,retail,West
2026-03-31,SKU-002,96.5,online,West
2026-04-01,SKU-002,75.3,retail,Southwest
2026-04-02,SKU-002,108.9,wholesale,Southeast
2026-04-03,SKU-002,101.4,online,West
2026-04-04,SKU-002,85.8,retail,Northeast
2026-04-05,SKU-002,90.1,online,West
2026-04-06,SKU-002,77.2,retail,Southeast
2026-04-07,SKU-002,81.7,online,Southwest
2026-04-08,SKU-002,101.1,online,Northeast
2026-04-09,SKU-002,138.4,online,Southwest
2026-04-10,SKU-002,99.0,online,Southeast
2026-04-11,SKU-002,95.0,retail,Southeast
2026-04-12,SKU-002,78.4,retail,Midwest
2026-04-13,SKU-002,75.6,retail,Northeast
2026-04-14,SKU-002,96.8,wholesale,Southwest
2026-04-15,SKU-002,77.4,online,West
2026-04-16,SKU-002,138.9,online,Northeast
2026-04-17,SKU-002,71.5,retail,Midwest
2026-04-18,SKU-002,124.8,retail,West
2026-04-19,SKU-002,123.9,retail,Northeast
2026-04-20,SKU-002,80.3,retail,Northeast
2026-04-21,SKU-002,63.9,retail,Midwest
2026-04-22,SKU-002,76.9,online,Southeast
2026-04-23,SKU-002,119.5,retail,Southeast
2026-04-24,SKU-002,69.2,online,West
2026-04-25,SKU-002,106.4,online,Southwest
2026-04-26,SKU-002,82.5,online,Midwest
2026-04-27,SKU-002,81.4,retail,West
2026-04-28,SKU-002,99.8,retail,Southeast
2026-04-29,SKU-002,65.4,wholesale,Southwest
2026-04-30,SKU-002,106.3,wholesale,Midwest
2026-05-01,SKU-002,81.5,online,West
2026-05-02,SKU-002,118.7,online,West
2026-05-03,SKU-002,104.5,retail,Midwest
2026-05-04,SKU-002,63.5,retail,West
2026-05-05,SKU-002,74.1,retail,Northeast
2026-05-06,SKU-002,100.7,retail,Midwest
2026-05-07,SKU-002,135.1,online,Midwest
2026-05-08,SKU-002,71.9,online,Midwest
2026-05-09,SKU-002,110.3,retail,Southeast
2026-05-10,SKU-002,107.9,wholesale,Northeast
2026-05-11,SKU-002,75.8,online,Southwest
2026-05-12,SKU-002,78.2,online,Midwest
2026-05-13,SKU-002,76.6,online,Southeast
2026-05-14,SKU-002,97.4,retail,Midwest
2026-05-15,SKU-002,85.3,wholesale,Southeast
2026-05-16,SKU-002,89.4,retail,West
2026-05-17,SKU-002,125.6,online,Midwest
2026-05-18,SKU-002,97.0,online,Northeast
2026-05-19,SKU-002,69.1,wholesale,West
2026-05-20,SKU-002,104.0,retail,Midwest
2026-05-21,SKU-002,95.3,online,Midwest
2026-05-22,SKU-002,86.0,online,Midwest
2026-05-23,SKU-002,106.6,retail,Midwest
2026-05-24,SKU-002,82.3,online,Northeast
2026-05-25,SKU-002,89.6,wholesale,Midwest
2026-05-26,SKU-002,102.2,online,Northeast
2026-05-27,SKU-002,90.4,online,Midwest
2026-05-28,SKU-002,129.4,online,Northeast
2026-05-29,SKU-002,103.7,online,West
2026-05-30,SKU-002,83.0,online,Southwest
2026-05-31,SKU-002,84.1,online,Southwest
2026-06-01,SKU-002,81.5,retail,Southeast
2026-06-02,SKU-002,101.4,retail,West
2026-06-03,SKU-002,90.0,wholesale,Midwest
2026-06-04,SKU-002,92.7,online,West
2026-06-05,SKU-002,82.8,online,Midwest
2026-06-06,SKU-002,82.5,retail,Southwest
2026-06-07,SKU-002,124.0,retail,Northeast
2026-06-08,SKU-002,81.0,online,Northeast
2026-06-09,SKU-002,104.6,retail,Northeast
2026-06-10,SKU-002,92.4,retail,Southwest
2026-06-11,SKU-002,150.2,online,Midwest
2025-12-14,SKU-003,16.1,online,Southwest
2025-12-15,SKU-003,13.1,retail,Southwest
2025-12-16,SKU-003,13.2,online,Southeast
2025-12-17,SKU-003,20.2,online,Southwest
2025-12-18,SKU-003,11.7,wholesale,Southeast
2025-12-19,SKU-003,19.5,retail,Southeast
2025-12-20,SKU-003,15.3,wholesale,Southeast
2025-12-21,SKU-003,14.5,retail,Southeast
2025-12-22,SKU-003,16.6,online,Midwest
2025-12-23,SKU-003,12.4,retail,Southwest
2025-12-24,SKU-003,18.4,online,West
2025-12-25,SKU-003,18.4,retail,Northeast
2025-12-26,SKU-003,15.8,online,Southwest
2025-12-27,SKU-003,15.2,retail,Southwest
2025-12-28,SKU-003,17.8,retail,Northeast
2025-12-29,SKU-003,12.8,online,West
2025-12-30,SKU-003,15.8,online,West
2025-12-31,SKU-003,18.5,online,Southwest
2026-01-01,SKU-003,13.7,online,Southwest
2026-01-02,SKU-003,17.7,retail,Midwest
2026-01-03,SKU-003,19.0,retail,Midwest
2026-01-04,SKU-003,19.8,retail,Northeast
2026-01-05,SKU-003,19.3,online,Southwest
2026-01-06,SKU-003,18.7,online,West
2026-01-07,SKU-003,28.7,online,West
2026-01-08,SKU-003,16.1,retail,Midwest
2026-01-09,SKU-003,16.4,retail,Midwest
2026-01-10,SKU-003,25.4,retail,West
2026-01-11,SKU-003,16.3,retail,Northeast
2026-01-12,SKU-003,16.6,retail,Midwest
2026-01-13,SKU-003,19.9,retail,Southwest
2026-01-14,SKU-003,30.2,retail,Northeast
2026-01-15,SKU-003,16.6,wholesale,West
2026-01-16,SKU-003,20.6,retail,Midwest
2026-01-17,SKU-003,22.1,online,Southwest
2026-01-18,SKU-003,21.2,online,West
2026-01-19,SKU-003,15.1,online,Southwest
2026-01-20,SKU-003,16.4,retail,Southwest
2026-01-21,SKU-003,21.5,online,Southwest
2026-01-22,SKU-003,21.8,retail,Southwest
2026-01-23,SKU-003,19.2,retail,Southwest
2026-01-24,SKU-003,26.0,retail,Midwest
2026-01-25,SKU-003,16.4,online,Midwest
2026-01-26,SKU-003,21.5,online,Southeast
2026-01-27,SKU-003,21.0,retail,West
2026-01-28,SKU-003,19.8,retail,Northeast
2026-01-29,SKU-003,14.2,retail,West
2026-01-30,SKU-003,17.1,online,Midwest
2026-01-31,SKU-003,19.6,online,Southwest
2026-02-01,SKU-003,22.7,wholesale,Southeast
2026-02-02,SKU-003,14.8,retail,Northeast
2026-02-03,SKU-003,15.9,retail,West
2026-02-04,SKU-003,26.8,online,Southeast
2026-02-05,SKU-003,20.2,online,West
2026-02-06,SKU-003,14.5,retail,Southwest
2026-02-07,SKU-003,21.6,retail,Northeast
2026-02-08,SKU-003,18.7,wholesale,Northeast
2026-02-09,SKU-003,13.6,online,Southeast
2026-02-10,SKU-003,20.4,retail,Midwest
2026-02-11,SKU-003,23.4,online,West
2026-02-12,SKU-003,15.1,online,Southeast
2026-02-13,SKU-003,18.0,retail,Midwest
2026-02-14,SKU-003,17.1,wholesale,Northeast
2026-02-15,SKU-003,21.1,online,Northeast
2026-02-16,SKU-003,21.3,retail,Southwest
2026-02-17,SKU-003,17.1,retail,Midwest
2026-02-18,SKU-003,20.7,online,Midwest
2026-02-19,SKU-003,15.0,wholesale,West
2026-02-20,SKU-003,21.0,wholesale,Northeast
2026-02-21,SKU-003,21.1,online,West
2026-02-22,SKU-003,22.7,retail,West
2026-02-23,SKU-003,21.3,retail,Southeast
2026-02-24,SKU-003,16.4,online,Southwest
2026-02-25,SKU-003,27.2,retail,Southeast
2026-02-26,SKU-003,21.6,online,Southeast
2026-02-27,SKU-003,15.5,online,Southeast
2026-02-28,SKU-003,18.1,online,Northeast
2026-03-01,SKU-003,18.1,retail,West
2026-03-02,SKU-003,17.5,retail,Southwest
2026-03-03,SKU-003,17.4,wholesale,Southwest
2026-03-04,SKU-003,27.1,wholesale,Midwest
2026-03-05,SKU-003,21.0,retail,Southeast
2026-03-06,SKU-003,17.2,online,Midwest
2026-03-07,SKU-003,24.6,retail,Midwest
2026-03-08,SKU-003,21.5,online,West
2026-03-09,SKU-003,13.6,online,Midwest
2026-03-10,SKU-003,13.9,wholesale,Northeast
2026-03-11,SKU-003,26.4,retail,West
2026-03-12,SKU-003,18.3,wholesale,Northeast
2026-03-13,SKU-003,17.1,retail,Southeast
2026-03-14,SKU-003,19.3,online,Southeast
2026-03-15,SKU-003,25.9,online,Midwest
2026-03-16,SKU-003,21.6,online,Southeast
2026-03-17,SKU-003,13.4,retail,West
2026-03-18,SKU-003,24.9,retail,Midwest
2026-03-19,SKU-003,16.2,online,West
2026-03-20,SKU-003,19.6,retail,Northeast
2026-03-21,SKU-003,23.8,retail,Northeast
2026-03-22,SKU-003,19.0,retail,West
2026-03-23,SKU-003,15.2,retail,Southwest
2026-03-24,SKU-003,20.2,online,Southwest
2026-03-25,SKU-003,26.1,wholesale,Midwest
2026-03-26,SKU-003,20.9,retail,West
2026-03-27,SKU-003,13.7,retail,Northeast
2026-03-28,SKU-003,18.4,online,Midwest
2026-03-29,SKU-003,23.5,retail,Southwest
2026-03-30,SKU-003,13.3,retail,Southwest
2026-03-31,SKU-003,15.5,online,Southeast
2026-04-01,SKU-003,28.9,online,West
2026-04-02,SKU-003,14.0,wholesale,Southeast
2026-04-03,SKU-003,13.0,retail,Northeast
2026-04-04,SKU-003,20.0,retail,Southwest
2026-04-05,SKU-003,15.2,online,Southwest
2026-04-06,SKU-003,13.3,online,Southeast
2026-04-07,SKU-003,13.6,retail,Southwest
2026-04-08,SKU-003,26.5,online,West
2026-04-09,SKU-003,12.4,online,Southeast
2026-04-10,SKU-003,19.8,retail,West
2026-04-11,SKU-003,16.8,online,West
2026-04-12,SKU-003,23.2,online,Southwest
2026-04-13,SKU-003,19.7,online,Midwest
2026-04-14,SKU-003,18.0,retail,West
2026-04-15,SKU-003,27.6,retail,Southwest
2026-04-16,SKU-003,12.8,online,West
2026-04-17,SKU-003,18.5,retail,Northeast
2026-04-18,SKU-003,20.8,retail,Northeast
2026-04-19,SKU-003,16.7,retail,Midwest
2026-04-20,SKU-003,15.0,retail,West
2026-04-21,SKU-003,12.2,wholesale,West
2026-04-22,SKU-003,25.8,wholesale,West
2026-04-23,SKU-003,11.8,retail,Southeast
2026-04-24,SKU-003,14.2,online,Southeast
2026-04-25,SKU-003,13.9,wholesale,Midwest
2026-04-26,SKU-003,20.8,online,Midwest
2026-04-27,SKU-003,18.0,online,Southeast
2026-04-28,SKU-003,16.7,online,Southwest
2026-04-29,SKU-003,15.8,online,Midwest
2026-04-30,SKU-003,12.6,online,Southwest
2026-05-01,SKU-003,14.8,online,Midwest
2026-05-02,SKU-003,15.3,online,Southeast
2026-05-03,SKU-003,16.8,retail,West
2026-05-04,SKU-003,11.3,retail,West
2026-05-05,SKU-003,15.0,online,Southwest
2026-05-06,SKU-003,21.0,retail,Midwest
2026-05-07,SKU-003,13.7,retail,Southeast
2026-05-08,SKU-003,14.6,online,Northeast
2026-05-09,SKU-003,17.2,online,Southwest
2026-05-10,SKU-003,17.3,retail,Southwest
2026-05-11,SKU-003,14.3,online,West
2026-05-12,SKU-003,10.7,online,Midwest
2026-05-13,SKU-003,17.2,online,Northeast
2026-05-14,SKU-003,12.6,retail,Northeast
2026-05-15,SKU-003,15.5,retail,Midwest
2026-05-16,SKU-003,13.4,online,Midwest
2026-05-17,SKU-003,18.9,online,West
2026-05-18,SKU-003,16.7,online,Southeast
2026-05-19,SKU-003,15.5,online,West
2026-05-20,SKU-003,14.5,online,Southeast
2026-05-21,SKU-003,15.8,online,Midwest
2026-05-22,SKU-003,13.3,wholesale,Southwest
2026-05-23,SKU-003,15.7,online,Southeast
2026-05-24,SKU-003,14.1,wholesale,Northeast
2026-05-25,SKU-003,15.4,online,Northeast
2026-05-26,SKU-003,14.9,online,West
2026-05-27,SKU-003,20.5,wholesale,West
2026-05-28,SKU-003,11.8,online,West
2026-05-29,SKU-003,11.9,retail,Midwest
2026-05-30,SKU-003,17.7,retail,Northeast
2026-05-31,SKU-003,14.8,wholesale,Southeast
2026-06-01,SKU-003,12.9,online,Northeast
2026-06-02,SKU-003,11.5,online,West
2026-06-03,SKU-003,18.7,online,West
2026-06-04,SKU-003,11.5,online,Midwest
2026-06-05,SKU-003,13.1,online,Northeast
2026-06-06,SKU-003,11.8,retail,Midwest
2026-06-07,SKU-003,15.0,retail,Southeast
2026-06-08,SKU-003,15.0,online,Southwest
2026-06-09,SKU-003,13.3,online,Southeast
2026-06-10,SKU-003,13.6,retail,Midwest
2026-06-11,SKU-003,11.3,wholesale,Northeast
2025-12-14,SKU-004,12.9,retail,Midwest
2025-12-15,SKU-004,9.5,retail,Southwest
2025-12-16,SKU-004,8.3,online,Midwest
2025-12-17,SKU-004,10.9,online,Northeast
2025-12-18,SKU-004,7.7,online,Southwest
2025-12-19,SKU-004,9.5,retail,Midwest
2025-12-20,SKU-004,16.2,retail,Southeast
2025-12-21,SKU-004,15.1,online,West
2025-12-22,SKU-004,8.5,online,Northeast
2025-12-23,SKU-004,9.7,wholesale,West
2025-12-24,SKU-004,12.4,retail,Midwest
2025-12-25,SKU-004,10.7,retail,Southwest
2025-12-26,SKU-004,10.1,wholesale,Southeast
2025-12-27,SKU-004,15.5,wholesale,Southeast
2025-12-28,SKU-004,13.7,retail,Northeast
2025-12-29,SKU-004,12.2,retail,Southeast
2025-12-30,SKU-004,11.2,online,Southwest
2025-12-31,SKU-004,10.1,online,Southwest
2026-01-01,SKU-004,7.9,wholesale,Northeast
2026-01-02,SKU-004,8.8,wholesale,West
2026-01-03,SKU-004,13.9,retail,Southwest
2026-01-04,SKU-004,9.2,wholesale,Northeast
2026-01-05,SKU-004,9.3,retail,Midwest
2026-01-06,SKU-004,7.8,retail,Southwest
2026-01-07,SKU-004,10.2,online,Southeast
2026-01-08,SKU-004,9.2,wholesale,Northeast
2026-01-09,SKU-004,11.0,retail,Midwest
2026-01-10,SKU-004,11.1,online,Southeast
2026-01-11,SKU-004,10.5,wholesale,Midwest
2026-01-12,SKU-004,10.9,online,Southwest
2026-01-13,SKU-004,8.2,retail,Southwest
2026-01-14,SKU-004,9.4,retail,Southeast
2026-01-15,SKU-004,9.6,retail,Southeast
2026-01-16,SKU-004,9.9,retail,Southwest
2026-01-17,SKU-004,11.9,wholesale,Northeast
2026-01-18,SKU-004,12.8,online,Northeast
2026-01-19,SKU-004,11.1,retail,Midwest
2026-01-20,SKU-004,9.7,retail,West
2026-01-21,SKU-004,9.5,online,Southwest
2026-01-22,SKU-004,8.0,wholesale,West
2026-01-23,SKU-004,7.7,retail,West
2026-01-24,SKU-004,11.3,online,Northeast
2026-01-25,SKU-004,8.8,online,West
2026-01-26,SKU-004,7.5,retail,Midwest
2026-01-27,SKU-004,10.3,online,Midwest
2026-01-28,SKU-004,10.7,online,Midwest
2026-01-29,SKU-004,8.7,online,Southeast
2026-01-30,SKU-004,8.4,online,Southeast
2026-01-31,SKU-004,9.9,online,West
2026-02-01,SKU-004,12.1,online,Southeast
2026-02-02,SKU-004,9.8,wholesale,Midwest
2026-02-03,SKU-004,7.1,online,Southwest
2026-02-04,SKU-004,8.2,wholesale,West
2026-02-05,SKU-004,6.3,wholesale,Southwest
2026-02-06,SKU-004,8.1,online,Southwest
2026-02-07,SKU-004,10.8,online,West
2026-02-08,SKU-004,10.4,retail,West
2026-02-09,SKU-004,7.2,online,Northeast
2026-02-10,SKU-004,7.8,wholesale,Midwest
2026-02-11,SKU-004,9.1,online,West
2026-02-12,SKU-004,6.2,retail,Midwest
2026-02-13,SKU-004,8.1,online,Southwest
2026-02-14,SKU-004,10.9,retail,Southwest
2026-02-15,SKU-004,10.3,online,Northeast
2026-02-16,SKU-004,7.4,retail,Midwest
2026-02-17,SKU-004,8.0,online,Southeast
2026-02-18,SKU-004,6.5,retail,Southwest
2026-02-19,SKU-004,5.9,online,Midwest
2026-02-20,SKU-004,8.7,retail,Southeast
2026-02-21,SKU-004,11.3,retail,Midwest
2026-02-22,SKU-004,11.0,online,West
2026-02-23,SKU-004,9.3,retail,Midwest
2026-02-24,SKU-004,7.7,retail,Southwest
2026-02-25,SKU-004,7.5,retail,Midwest
2026-02-26,SKU-004,7.2,online,Midwest
2026-02-27,SKU-004,7.9,wholesale,Southwest
2026-02-28,SKU-004,9.3,wholesale,Northeast
2026-03-01,SKU-004,9.1,online,Southwest
2026-03-02,SKU-004,7.4,retail,Southwest
2026-03-03,SKU-004,7.0,retail,Southwest
2026-03-04,SKU-004,8.0,online,Southeast
2026-03-05,SKU-004,5.3,wholesale,Northeast
2026-03-06,SKU-004,5.9,online,West
2026-03-07,SKU-004,8.1,retail,West
2026-03-08,SKU-004,8.3,retail,West
2026-03-09,SKU-004,8.1,retail,Northeast
2026-03-10,SKU-004,7.4,retail,Southwest
2026-03-11,SKU-004,6.1,retail,Southwest
2026-03-12,SKU-004,6.3,wholesale,West
2026-03-13,SKU-004,8.0,online,Midwest
2026-03-14,SKU-004,10.2,wholesale,Midwest
2026-03-15,SKU-004,8.3,online,Southeast
2026-03-16,SKU-004,5.8,online,Midwest
2026-03-17,SKU-004,7.3,retail,West
2026-03-18,SKU-004,5.8,online,Midwest
2026-03-19,SKU-004,5.7,retail,Southwest
2026-03-20,SKU-004,6.0,wholesale,Midwest
2026-03-21,SKU-004,11.0,retail,Midwest
2026-03-22,SKU-004,5.8,wholesale,Northeast
2026-03-23,SKU-004,5.7,online,Midwest
2026-03-24,SKU-004,6.9,online,Southwest
2026-03-25,SKU-004,5.4,retail,Midwest
2026-03-26,SKU-004,5.0,retail,Southwest
2026-03-27,SKU-004,5.3,online,Southwest
2026-03-28,SKU-004,7.4,online,Northeast
2026-03-29,SKU-004,6.9,retail,Northeast
2026-03-30,SKU-004,6.5,online,Southwest
2026-03-31,SKU-004,7.3,online,West
2026-04-01,SKU-004,5.8,online,Midwest
2026-04-02,SKU-004,5.3,retail,Northeast
2026-04-03,SKU-004,6.3,online,Northeast
2026-04-04,SKU-004,10.0,online,Southeast
2026-04-05,SKU-004,8.5,online,West
2026-04-06,SKU-004,6.6,online,Midwest
2026-04-07,SKU-004,6.8,online,Southwest
2026-04-08,SKU-004,6.0,wholesale,Midwest
2026-04-09,SKU-004,5.1,wholesale,Southwest
2026-04-10,SKU-004,5.7,wholesale,Southeast
2026-04-11,SKU-004,9.4,online,Southeast
2026-04-12,SKU-004,7.8,online,West
2026-04-13,SKU-004,6.0,retail,Northeast
2026-04-14,SKU-004,6.2,retail,Southwest
2026-04-15,SKU-004,6.0,online,Southwest
2026-04-16,SKU-004,6.5,wholesale,West
2026-04-17,SKU-004,5.5,online,Northeast
2026-04-18,SKU-004,6.5,online,Midwest
2026-04-19,SKU-004,8.0,online,West
2026-04-20,SKU-004,4.7,retail,Midwest
2026-04-21,SKU-004,4.9,retail,Northeast
2026-04-22,SKU-004,4.7,online,Southeast
2026-04-23,SKU-004,4.2,online,Midwest
2026-04-24,SKU-004,4.4,retail,Midwest
2026-04-25,SKU-004,8.3,retail,Midwest
2026-04-26,SKU-004,6.0,online,Southeast
2026-04-27,SKU-004,5.3,online,Southwest
2026-04-28,SKU-004,5.0,retail,West
2026-04-29,SKU-004,6.0,retail,Southeast
2026-04-30,SKU-004,6.0,retail,Southwest
2026-05-01,SKU-004,6.3,online,West
2026-05-02,SKU-004,7.6,online,Southwest
2026-05-03,SKU-004,5.2,retail,Southwest
2026-05-04,SKU-004,4.5,retail,Southeast
2026-05-05,SKU-004,4.8,retail,Northeast
2026-05-06,SKU-004,5.7,retail,West
2026-05-07,SKU-004,4.2,retail,Northeast
2026-05-08,SKU-004,5.1,retail,West
2026-05-09,SKU-004,7.7,retail,Midwest
2026-05-10,SKU-004,7.1,online,Northeast
2026-05-11,SKU-004,5.9,retail,Northeast
2026-05-12,SKU-004,5.1,retail,Southwest
2026-05-13,SKU-004,6.6,wholesale,Northeast
2026-05-14,SKU-004,6.6,online,Midwest
2026-05-15,SKU-004,5.1,retail,West
2026-05-16,SKU-004,7.1,wholesale,West
2026-05-17,SKU-004,7.6,wholesale,West
2026-05-18,SKU-004,4.2,wholesale,Southwest
2026-05-19,SKU-004,4.4,wholesale,Northeast
2026-05-20,SKU-004,4.5,retail,Southwest
2026-05-21,SKU-004,4.4,wholesale,Northeast
2026-05-22,SKU-004,6.1,wholesale,West
2026-05-23,SKU-004,8.3,retail,Southwest
2026-05-24,SKU-004,6.2,online,West
2026-05-25,SKU-004,5.0,online,Northeast
2026-05-26,SKU-004,4.2,retail,Southwest
2026-05-27,SKU-004,6.2,wholesale,Northeast
2026-05-28,SKU-004,4.8,online,Southwest
2026-05-29,SKU-004,4.2,retail,Northeast
2026-05-30,SKU-004,6.9,online,West
2026-05-31,SKU-004,5.8,online,Northeast
2026-06-01,SKU-004,4.6,wholesale,Southeast
2026-06-02,SKU-004,6.5,retail,Midwest
2026-06-03,SKU-004,5.9,retail,Midwest
2026-06-04,SKU-004,4.9,wholesale,Southwest
2026-06-05,SKU-004,4.9,online,Northeast
2026-06-06,SKU-004,8.4,retail,Southeast
2026-06-07,SKU-004,7.4,online,West
2026-06-08,SKU-004,4.5,online,West
2026-06-09,SKU-004,6.7,online,West
2026-06-10,SKU-004,5.6,online,Southeast
2026-06-11,SKU-004,6.6,online,Southeast
2025-12-14,SKU-005,15.5,retail,West
2025-12-15,SKU-005,17.2,retail,West
2025-12-16,SKU-005,14.7,online,Southeast
2025-12-17,SKU-005,12.6,online,Northeast
2025-12-18,SKU-005,24.7,retail,Northeast
2025-12-19,SKU-005,14.6,retail,Northeast
2025-12-20,SKU-005,15.4,retail,Southwest
2025-12-21,SKU-005,13.4,online,Southwest
2025-12-22,SKU-005,16.0,retail,West
2025-12-23,SKU-005,12.3,wholesale,Midwest
2025-12-24,SKU-005,17.7,online,Southeast
2025-12-25,SKU-005,25.3,online,West
2025-12-26,SKU-005,17.5,retail,Southeast
2025-12-27,SKU-005,16.6,online,Midwest
2025-12-28,SKU-005,20.0,online,Southwest
2025-12-29,SKU-005,15.6,online,Midwest
2025-12-30,SKU-005,14.6,online,Northeast
2025-12-31,SKU-005,16.8,retail,Midwest
2026-01-01,SKU-005,25.0,online,West
2026-01-02,SKU-005,11.3,wholesale,Southeast
2026-01-03,SKU-005,13.4,retail,Southwest
2026-01-04,SKU-005,18.4,online,Southeast
2026-01-05,SKU-005,12.4,online,Southwest
2026-01-06,SKU-005,17.1,online,Midwest
2026-01-07,SKU-005,12.9,retail,West
2026-01-08,SKU-005,20.5,retail,Midwest
2026-01-09,SKU-005,12.3,retail,West
2026-01-10,SKU-005,15.0,wholesale,Northeast
2026-01-11,SKU-005,18.1,retail,Northeast
2026-01-12,SKU-005,18.1,retail,Northeast
2026-01-13,SKU-005,14.2,retail,Southeast
2026-01-14,SKU-005,11.6,online,Southeast
2026-01-15,SKU-005,21.2,online,Southwest
2026-01-16,SKU-005,15.9,wholesale,West
2026-01-17,SKU-005,19.5,online,Southwest
2026-01-18,SKU-005,18.5,online,Southwest
2026-01-19,SKU-005,16.6,retail,Midwest
2026-01-20,SKU-005,11.3,retail,West
2026-01-21,SKU-005,17.3,wholesale,Northeast
2026-01-22,SKU-005,25.8,retail,Southeast
2026-01-23,SKU-005,12.7,retail,Midwest
2026-01-24,SKU-005,16.1,online,Midwest
2026-01-25,SKU-005,22.4,online,Southeast
2026-01-26,SKU-005,18.8,online,Northeast
2026-01-27,SKU-005,16.3,wholesale,Northeast
2026-01-28,SKU-005,12.0,online,Southwest
2026-01-29,SKU-005,21.2,retail,Southeast
2026-01-30,SKU-005,12.0,retail,Midwest
2026-01-31,SKU-005,19.0,wholesale,Northeast
2026-02-01,SKU-005,22.0,wholesale,Southeast
2026-02-02,SKU-005,13.0,wholesale,Southwest
2026-02-03,SKU-005,15.0,online,Northeast
2026-02-04,SKU-005,16.7,online,Southwest
2026-02-05,SKU-005,22.4,online,Midwest
2026-02-06,SKU-005,11.6,online,Southeast
2026-02-07,SKU-005,20.9,retail,West
2026-02-08,SKU-005,22.5,online,Southwest
2026-02-09,SKU-005,13.4,retail,West
2026-02-10,SKU-005,16.7,retail,West
2026-02-11,SKU-005,17.4,online,Northeast
2026-02-12,SKU-005,21.9,wholesale,Northeast
2026-02-13,SKU-005,12.3,online,Northeast
2026-02-14,SKU-005,17.2,retail,Southwest
2026-02-15,SKU-005,17.8,retail,Northeast
2026-02-16,SKU-005,16.5,retail,West
2026-02-17,SKU-005,15.4,online,West
2026-02-18,SKU-005,15.0,retail,West
2026-02-19,SKU-005,17.5,retail,Southeast
2026-02-20,SKU-005,17.2,online,Southeast
2026-02-21,SKU-005,17.7,retail,Southeast
2026-02-22,SKU-005,21.2,online,Northeast
2026-02-23,SKU-005,12.4,wholesale,West
2026-02-24,SKU-005,14.6,online,Southeast
2026-02-25,SKU-005,12.4,online,Southwest
2026-02-26,SKU-005,22.9,online,Northeast
2026-02-27,SKU-005,12.5,retail,Southwest
2026-02-28,SKU-005,20.0,online,West
2026-03-01,SKU-005,14.4,online,Northeast
2026-03-02,SKU-005,17.6,retail,Southeast
2026-03-03,SKU-005,16.4,online,West
2026-03-04,SKU-005,13.2,online,Midwest
2026-03-05,SKU-005,22.4,online,West
2026-03-06,SKU-005,14.1,online,Northeast
2026-03-07,SKU-005,17.9,wholesale,West
2026-03-08,SKU-005,20.2,online,Northeast
2026-03-09,SKU-005,13.0,online,West
2026-03-10,SKU-005,14.6,retail,Midwest
2026-03-11,SKU-005,15.5,online,Southwest
2026-03-12,SKU-005,18.6,online,Southeast
2026-03-13,SKU-005,15.8,online,West
2026-03-14,SKU-005,24.0,online,West
2026-03-15,SKU-005,24.0,retail,Midwest
2026-03-16,SKU-005,15.1,retail,West
2026-03-17,SKU-005,15.0,wholesale,Southeast
2026-03-18,SKU-005,16.9,retail,Southwest
2026-03-19,SKU-005,17.5,retail,Southeast
2026-03-20,SKU-005,15.7,online,Northeast
2026-03-21,SKU-005,22.7,retail,West
2026-03-22,SKU-005,21.3,online,Midwest
2026-03-23,SKU-005,14.1,retail,West
2026-03-24,SKU-005,18.6,online,Southwest
2026-03-25,SKU-005,16.1,online,Southwest
2026-03-26,SKU-005,28.0,wholesale,West
2026-03-27,SKU-005,16.7,retail,Midwest
2026-03-28,SKU-005,21.8,retail,Southwest
2026-03-29,SKU-005,21.2,online,Southeast
2026-03-30,SKU-005,17.7,online,Southwest
2026-03-31,SKU-005,12.7,wholesale,West
2026-04-01,SKU-005,20.2,online,West
2026-04-02,SKU-005,18.8,online,Southeast
2026-04-03,SKU-005,16.5,retail,Southwest
2026-04-04,SKU-005,21.8,online,Midwest
2026-04-05,SKU-005,18.9,retail,Southwest
2026-04-06,SKU-005,18.1,online,Northeast
2026-04-07,SKU-005,16.4,online,Northeast
2026-04-08,SKU-005,13.4,wholesale,Southeast
2026-04-09,SKU-005,21.8,online,Southeast
2026-04-10,SKU-005,16.8,online,Northeast
2026-04-11,SKU-005,19.5,retail,Midwest
2026-04-12,SKU-005,15.8,online,Northeast
2026-04-13,SKU-005,12.7,online,Northeast
2026-04-14,SKU-005,18.2,online,Southeast
2026-04-15,SKU-005,16.8,retail,Midwest
2026-04-16,SKU-005,24.5,wholesale,Southeast
2026-04-17,SKU-005,19.3,retail,Southeast
2026-04-18,SKU-005,21.7,online,Northeast
2026-04-19,SKU-005,22.8,wholesale,West
2026-04-20,SKU-005,17.6,online,Southeast
2026-04-21,SKU-005,14.4,retail,Northeast
2026-04-22,SKU-005,17.5,retail,Southwest
2026-04-23,SKU-005,20.2,online,West
2026-04-24,SKU-005,13.6,retail,West
2026-04-25,SKU-005,20.8,retail,Southwest
2026-04-26,SKU-005,19.4,online,Northeast
2026-04-27,SKU-005,15.7,retail,Southwest
2026-04-28,SKU-005,14.2,retail,Midwest
2026-04-29,SKU-005,20.6,retail,Southeast
2026-04-30,SKU-005,22.0,online,Northeast
2026-05-01,SKU-005,14.4,retail,Southwest
2026-05-02,SKU-005,19.5,retail,Southwest
2026-05-03,SKU-005,19.5,online,Southwest
2026-05-04,SKU-005,18.8,retail,Southeast
2026-05-05,SKU-005,17.6,online,Southeast
2026-05-06,SKU-005,14.5,retail,Southwest
2026-05-07,SKU-005,19.0,online,Northeast
2026-05-08,SKU-005,17.1,online,West
2026-05-09,SKU-005,25.7,retail,West
2026-05-10,SKU-005,20.0,online,West
2026-05-11,SKU-005,17.2,online,Northeast
2026-05-12,SKU-005,19.9,online,Northeast
2026-05-13,SKU-005,15.4,retail,Southeast
2026-05-14,SKU-005,28.1,retail,West
2026-05-15,SKU-005,17.8,online,Northeast
2026-05-16,SKU-005,18.6,retail,Midwest
2026-05-17,SKU-005,21.5,retail,West
2026-05-18,SKU-005,17.9,wholesale,Northeast
2026-05-19,SKU-005,19.5,retail,Southeast
2026-05-20,SKU-005,15.7,wholesale,West
2026-05-21,SKU-005,21.9,wholesale,Northeast
2026-05-22,SKU-005,17.0,wholesale,Southeast
2026-05-23,SKU-005,18.2,retail,Midwest
2026-05-24,SKU-005,25.1,retail,West
2026-05-25,SKU-005,14.7,online,Southeast
2026-05-26,SKU-005,20.4,retail,Southwest
2026-05-27,SKU-005,16.3,online,Southwest
2026-05-28,SKU-005,21.0,wholesale,Midwest
2026-05-29,SKU-005,15.8,online,Southwest
2026-05-30,SKU-005,26.7,retail,Northeast
2026-05-31,SKU-005,17.6,retail,West
2026-06-01,SKU-005,21.5,wholesale,Southeast
2026-06-02,SKU-005,19.6,online,Southeast
2026-06-03,SKU-005,19.7,retail,West
2026-06-04,SKU-005,25.2,retail,Midwest
2026-06-05,SKU-005,19.0,online,Northeast
2026-06-06,SKU-005,23.1,wholesale,Northeast
2026-06-07,SKU-005,20.6,retail,Midwest
2026-06-08,SKU-005,17.5,online,Southwest
2026-06-09,SKU-005,13.5,retail,Northeast
2026-06-10,SKU-005,20.1,online,Midwest
2026-06-11,SKU-005,30.1,retail,West
2025-12-14,SKU-006,20.8,online,Southeast
2025-12-15,SKU-006,17.1,online,Midwest
2025-12-16,SKU-006,15.8,retail,Southwest
2025-12-17,SKU-006,20.4,retail,Northeast
2025-12-18,SKU-006,13.5,retail,West
2025-12-19,SKU-006,13.3,wholesale,Southeast
2025-12-20,SKU-006,20.8,online,West
2025-12-21,SKU-006,21.5,retail,Southeast
2025-12-22,SKU-006,21.3,online,Midwest
2025-12-23,SKU-006,14.4,online,Northeast
2025-12-24,SKU-006,17.0,wholesale,Southeast
2025-12-25,SKU-006,14.1,retail,Southeast
2025-12-26,SKU-006,17.7,online,Northeast
2025-12-27,SKU-006,16.8,online,Southeast
2025-12-28,SKU-006,27.6,retail,West
2025-12-29,SKU-006,14.1,retail,Northeast
2025-12-30,SKU-006,23.4,online,Southeast
2025-12-31,SKU-006,18.7,online,Northeast
2026-01-01,SKU-006,21.2,online,Midwest
2026-01-02,SKU-006,17.8,online,West
2026-01-03,SKU-006,26.4,retail,Southeast
2026-01-04,SKU-006,29.4,retail,Northeast
2026-01-05,SKU-006,19.7,online,Southeast
2026-01-06,SKU-006,18.9,retail,Southeast
2026-01-07,SKU-006,23.7,retail,West
2026-01-08,SKU-006,23.3,online,Northeast
2026-01-09,SKU-006,16.2,online,West
2026-01-10,SKU-006,22.3,online,Southeast
2026-01-11,SKU-006,24.8,retail,Southeast
2026-01-12,SKU-006,20.6,retail,Southwest
2026-01-13,SKU-006,18.0,wholesale,Northeast
2026-01-14,SKU-006,23.8,retail,Midwest
2026-01-15,SKU-006,17.4,retail,Southeast
2026-01-16,SKU-006,23.0,online,Northeast
2026-01-17,SKU-006,28.4,retail,Southeast
2026-01-18,SKU-006,29.3,online,West
2026-01-19,SKU-006,22.2,online,Northeast
2026-01-20,SKU-006,25.9,wholesale,Southeast
2026-01-21,SKU-006,19.7,retail,West
2026-01-22,SKU-006,19.6,retail,West
2026-01-23,SKU-006,25.9,retail,Northeast
2026-01-24,SKU-006,26.8,online,Southeast
2026-01-25,SKU-006,23.3,online,West
2026-01-26,SKU-006,21.4,retail,Southwest
2026-01-27,SKU-006,24.3,online,West
2026-01-28,SKU-006,17.0,retail,Southwest
2026-01-29,SKU-006,17.8,online,Northeast
2026-01-30,SKU-006,21.8,online,Southeast
2026-01-31,SKU-006,26.8,online,Northeast
2026-02-01,SKU-006,28.0,online,Southeast
2026-02-02,SKU-006,17.0,online,West
2026-02-03,SKU-006,17.7,retail,Northeast
2026-02-04,SKU-006,19.9,retail,Southeast
2026-02-05,SKU-006,17.9,retail,Northeast
2026-02-06,SKU-006,18.4,wholesale,Southwest
2026-02-07,SKU-006,27.1,retail,Midwest
2026-02-08,SKU-006,26.3,online,Midwest
2026-02-09,SKU-006,24.9,online,Northeast
2026-02-10,SKU-006,20.5,online,Southwest
2026-02-11,SKU-006,17.5,retail,Southwest
2026-02-12,SKU-006,23.9,online,Southwest
2026-02-13,SKU-006,20.9,online,Southwest
2026-02-14,SKU-006,22.8,online,Northeast
2026-02-15,SKU-006,38.5,retail,Northeast
2026-02-16,SKU-006,19.6,retail,Northeast
2026-02-17,SKU-006,26.8,online,Northeast
2026-02-18,SKU-006,22.4,online,Southeast
2026-02-19,SKU-006,19.1,wholesale,Northeast
2026-02-20,SKU-006,23.4,wholesale,West
2026-02-21,SKU-006,23.9,online,Midwest
2026-02-22,SKU-006,28.8,online,Midwest
2026-02-23,SKU-006,18.6,retail,Northeast
2026-02-24,SKU-006,19.3,retail,Northeast
2026-02-25,SKU-006,28.2,online,West
2026-02-26,SKU-006,27.3,retail,Midwest
2026-02-27,SKU-006,21.1,retail,Northeast
2026-02-28,SKU-006,26.1,online,Midwest
2026-03-01,SKU-006,36.8,online,Midwest
2026-03-02,SKU-006,24.2,online,Southeast
2026-03-03,SKU-006,25.8,retail,Southeast
2026-03-04,SKU-006,19.1,wholesale,Northeast
2026-03-05,SKU-006,20.1,online,Northeast
2026-03-06,SKU-006,28.4,online,West
2026-03-07,SKU-006,33.0,retail,Northeast
2026-03-08,SKU-006,28.1,wholesale,West
2026-03-09,SKU-006,23.1,online,Southeast
2026-03-10,SKU-006,25.7,online,Southeast
2026-03-11,SKU-006,27.8,retail,Midwest
2026-03-12,SKU-006,22.7,retail,Southwest
2026-03-13,SKU-006,18.5,online,West
2026-03-14,SKU-006,22.1,retail,West
2026-03-15,SKU-006,35.7,online,Midwest
2026-03-16,SKU-006,20.4,online,West
2026-03-17,SKU-006,25.5,retail,Midwest
2026-03-18,SKU-006,22.6,online,Southeast
2026-03-19,SKU-006,19.0,retail,Northeast
2026-03-20,SKU-006,19.2,online,West
2026-03-21,SKU-006,25.4,online,Midwest
2026-03-22,SKU-006,40.5,online,Midwest
2026-03-23,SKU-006,22.7,wholesale,Northeast
2026-03-24,SKU-006,19.1,retail,Southwest
2026-03-25,SKU-006,17.8,retail,Midwest
2026-03-26,SKU-006,19.0,retail,Midwest
2026-03-27,SKU-006,21.8,online,Midwest
2026-03-28,SKU-006,24.5,wholesale,Northeast
2026-03-29,SKU-006,40.0,wholesale,Southwest
2026-03-30,SKU-006,25.8,online,West
2026-03-31,SKU-006,18.3,retail,Northeast
2026-04-01,SKU-006,17.3,retail,Southeast
2026-04-02,SKU-006,18.6,retail,Midwest
2026-04-03,SKU-006,24.9,wholesale,Northeast
2026-04-04,SKU-006,28.6,online,Northeast
2026-04-05,SKU-006,24.5,online,West
2026-04-06,SKU-006,26.1,online,Midwest
2026-04-07,SKU-006,18.3,wholesale,Northeast
2026-04-08,SKU-006,18.8,retail,West
2026-04-09,SKU-006,22.4,online,West
2026-04-10,SKU-006,18.8,online,Southeast
2026-04-11,SKU-006,24.0,online,Southeast
2026-04-12,SKU-006,24.3,retail,Southeast
2026-04-13,SKU-006,23.9,online,Southwest
2026-04-14,SKU-006,22.0,online,West
2026-04-15,SKU-006,18.1,online,Southwest
2026-04-16,SKU-006,19.3,wholesale,Southwest
2026-04-17,SKU-006,25.2,wholesale,Midwest
2026-04-18,SKU-006,26.3,retail,Midwest
2026-04-19,SKU-006,37.5,retail,West
2026-04-20,SKU-006,19.3,online,Southwest
2026-04-21,SKU-006,18.7,wholesale,Midwest
2026-04-22,SKU-006,16.9,wholesale,Southwest
2026-04-23,SKU-006,20.0,retail,Southeast
2026-04-24,SKU-006,26.6,online,Southeast
2026-04-25,SKU-006,22.9,retail,Northeast
2026-04-26,SKU-006,34.3,wholesale,Southwest
2026-04-27,SKU-006,24.9,retail,Midwest
2026-04-28,SKU-006,25.8,wholesale,Southeast
2026-04-29,SKU-006,17.7,retail,Midwest
2026-04-30,SKU-006,25.3,online,Midwest
2026-05-01,SKU-006,25.6,retail,Southwest
2026-05-02,SKU-006,30.9,retail,West
2026-05-03,SKU-006,30.1,online,Northeast
2026-05-04,SKU-006,16.4,online,Southeast
2026-05-05,SKU-006,15.6,online,Midwest
2026-05-06,SKU-006,24.7,online,Southeast
2026-05-07,SKU-006,18.7,online,Midwest
2026-05-08,SKU-006,15.8,online,Southeast
2026-05-09,SKU-006,27.8,retail,Midwest
2026-05-10,SKU-006,35.1,online,West
2026-05-11,SKU-006,20.8,online,Midwest
2026-05-12,SKU-006,16.3,online,West
2026-05-13,SKU-006,22.7,wholesale,Midwest
2026-05-14,SKU-006,16.5,wholesale,Southwest
2026-05-15,SKU-006,22.4,online,Southwest
2026-05-16,SKU-006,27.3,online,Midwest
2026-05-17,SKU-006,22.4,retail,Southwest
2026-05-18,SKU-006,18.2,wholesale,Southwest
2026-05-19,SKU-006,14.7,retail,Southwest
2026-05-20,SKU-006,16.4,retail,West
2026-05-21,SKU-006,15.5,retail,Southeast
2026-05-22,SKU-006,17.4,online,Northeast
2026-05-23,SKU-006,26.3,retail,Midwest
2026-05-24,SKU-006,25.8,online,Southeast
2026-05-25,SKU-006,20.3,online,Northeast
2026-05-26,SKU-006,20.4,online,West
2026-05-27,SKU-006,20.4,wholesale,West
2026-05-28,SKU-006,18.1,online,Southwest
2026-05-29,SKU-006,16.9,retail,Southwest
2026-05-30,SKU-006,23.4,retail,Southeast
2026-05-31,SKU-006,24.7,retail,Northeast
2026-06-01,SKU-006,15.9,online,Northeast
2026-06-02,SKU-006,13.9,online,West
2026-06-03,SKU-006,14.5,online,Northeast
2026-06-04,SKU-006,16.0,wholesale,West
2026-06-05,SKU-006,19.0,online,Southeast
2026-06-06,SKU-006,21.9,online,Northeast
2026-06-07,SKU-006,19.4,online,Southeast
2026-06-08,SKU-006,16.2,retail,Southwest
2026-06-09,SKU-006,14.8,online,Southeast
2026-06-10,SKU-006,13.3,online,Southwest
2026-06-11,SKU-006,19.4,online,Midwest
2025-12-14,SKU-007,29.9,online,Southwest
2025-12-15,SKU-007,27.9,online,Southeast
2025-12-16,SKU-007,23.6,online,Northeast
2025-12-17,SKU-007,28.0,online,West
2025-12-18,SKU-007,28.1,wholesale,Midwest
2025-12-19,SKU-007,22.8,retail,Southeast
2025-12-20,SKU-007,32.6,online,Southeast
2025-12-21,SKU-007,39.9,online,West
2025-12-22,SKU-007,25.6,retail,Southwest
2025-12-23,SKU-007,22.7,retail,Northeast
2025-12-24,SKU-007,23.2,online,Southwest
2025-12-25,SKU-007,28.1,retail,Southeast
2025-12-26,SKU-007,30.2,retail,Southwest
2025-12-27,SKU-007,34.3,retail,West
2025-12-28,SKU-007,43.7,online,Midwest
2025-12-29,SKU-007,23.5,wholesale,Northeast
2025-12-30,SKU-007,29.9,wholesale,Southwest
2025-12-31,SKU-007,32.6,retail,Northeast
2026-01-01,SKU-007,36.8,online,Southeast
2026-01-02,SKU-007,37.3,retail,Southeast
2026-01-03,SKU-007,28.2,online,West
2026-01-04,SKU-007,36.7,retail,Southeast
2026-01-05,SKU-007,35.5,online,Northeast
2026-01-06,SKU-007,24.2,retail,Southwest
2026-01-07,SKU-007,27.9,online,West
2026-01-08,SKU-007,37.0,online,Southwest
2026-01-09,SKU-007,32.1,retail,Northeast
2026-01-10,SKU-007,35.7,online,Southwest
2026-01-11,SKU-007,45.7,wholesale,Northeast
2026-01-12,SKU-007,37.5,retail,Northeast
2026-01-13,SKU-007,35.4,wholesale,Midwest
2026-01-14,SKU-007,36.9,online,West
2026-01-15,SKU-007,32.3,online,Southeast
2026-01-16,SKU-007,27.7,online,Southwest
2026-01-17,SKU-007,41.3,online,West
2026-01-18,SKU-007,53.2,online,Southeast
2026-01-19,SKU-007,24.3,online,Midwest
2026-01-20,SKU-007,37.6,online,Midwest
2026-01-21,SKU-007,28.5,retail,Northeast
2026-01-22,SKU-007,38.9,online,Midwest
2026-01-23,SKU-007,39.0,online,Midwest
2026-01-24,SKU-007,33.8,online,Northeast
2026-01-25,SKU-007,37.9,online,West
2026-01-26,SKU-007,35.5,retail,Midwest
2026-01-27,SKU-007,36.8,retail,Southeast
2026-01-28,SKU-007,24.8,retail,West
2026-01-29,SKU-007,25.9,wholesale,Southwest
2026-01-30,SKU-007,24.3,online,Southeast
2026-01-31,SKU-007,44.9,online,West
2026-02-01,SKU-007,35.0,online,Southeast
2026-02-02,SKU-007,28.2,retail,Southwest
2026-02-03,SKU-007,30.2,wholesale,Northeast
2026-02-04,SKU-007,27.7,online,West
2026-02-05,SKU-007,26.7,wholesale,Southwest
2026-02-06,SKU-007,32.7,online,Midwest
2026-02-07,SKU-007,43.3,retail,Midwest
2026-02-08,SKU-007,34.6,online,Southwest
2026-02-09,SKU-007,36.3,online,Southeast
2026-02-10,SKU-007,34.2,retail,Midwest
2026-02-11,SKU-007,34.2,retail,Northeast
2026-02-12,SKU-007,31.4,online,Southeast
2026-02-13,SKU-007,33.4,online,Midwest
2026-02-14,SKU-007,40.5,wholesale,Midwest
2026-02-15,SKU-007,43.4,online,Midwest
2026-02-16,SKU-007,31.1,online,Midwest
2026-02-17,SKU-007,34.5,retail,West
2026-02-18,SKU-007,33.0,online,Midwest
2026-02-19,SKU-007,32.6,retail,Midwest
2026-02-20,SKU-007,28.4,online,Northeast
2026-02-21,SKU-007,35.1,online,Midwest
2026-02-22,SKU-007,52.9,online,Midwest
2026-02-23,SKU-007,26.6,retail,Southeast
2026-02-24,SKU-007,37.7,retail,Southwest
2026-02-25,SKU-007,29.9,online,Southeast
2026-02-26,SKU-007,34.8,retail,Midwest
2026-02-27,SKU-007,27.6,online,West
2026-02-28,SKU-007,42.3,retail,Southwest
2026-03-01,SKU-007,51.4,online,Southeast
2026-03-02,SKU-007,34.1,retail,West
2026-03-03,SKU-007,37.4,retail,Southwest
2026-03-04,SKU-007,27.9,online,Southwest
2026-03-05,SKU-007,26.0,online,Southeast
2026-03-06,SKU-007,34.6,retail,Southwest
2026-03-07,SKU-007,42.2,online,Midwest
2026-03-08,SKU-007,47.1,online,Southeast
2026-03-09,SKU-007,34.4,online,Midwest
2026-03-10,SKU-007,28.6,retail,West
2026-03-11,SKU-007,35.9,online,Southwest
2026-03-12,SKU-007,31.7,retail,West
2026-03-13,SKU-007,36.3,retail,West
2026-03-14,SKU-007,37.2,online,Southeast
2026-03-15,SKU-007,35.1,online,West
2026-03-16,SKU-007,37.4,wholesale,West
2026-03-17,SKU-007,24.7,wholesale,Southeast
2026-03-18,SKU-007,34.1,online,Southeast
2026-03-19,SKU-007,27.1,online,West
2026-03-20,SKU-007,26.4,retail,Southeast
2026-03-21,SKU-007,37.2,online,Northeast
2026-03-22,SKU-007,34.2,online,West
2026-03-23,SKU-007,28.0,wholesale,West
2026-03-24,SKU-007,22.1,retail,Midwest
2026-03-25,SKU-007,35.8,wholesale,Southwest
2026-03-26,SKU-007,24.6,retail,Southeast
2026-03-27,SKU-007,25.0,wholesale,Midwest
2026-03-28,SKU-007,28.5,online,Southwest
2026-03-29,SKU-007,37.0,online,Northeast
2026-03-30,SKU-007,25.8,online,Southwest
2026-03-31,SKU-007,29.9,online,Southeast
2026-04-01,SKU-007,26.2,wholesale,Midwest
2026-04-02,SKU-007,31.9,online,West
2026-04-03,SKU-007,21.4,online,Southeast
2026-04-04,SKU-007,29.1,online,Southwest
2026-04-05,SKU-007,33.2,online,Northeast
2026-04-06,SKU-007,26.1,retail,Southwest
2026-04-07,SKU-007,29.4,retail,Northeast
2026-04-08,SKU-007,29.8,retail,Northeast
2026-04-09,SKU-007,21.3,online,West
2026-04-10,SKU-007,25.7,retail,West
2026-04-11,SKU-007,36.3,online,Northeast
2026-04-12,SKU-007,34.7,retail,Southwest
2026-04-13,SKU-007,23.9,retail,Southeast
2026-04-14,SKU-007,25.8,wholesale,Southwest
2026-04-15,SKU-007,29.6,online,Northeast
2026-04-16,SKU-007,30.4,online,Southwest
2026-04-17,SKU-007,22.5,online,Southwest
2026-04-18,SKU-007,39.4,online,West
2026-04-19,SKU-007,33.4,online,West
2026-04-20,SKU-007,31.4,retail,West
2026-04-21,SKU-007,23.7,online,Northeast
2026-04-22,SKU-007,31.0,retail,West
2026-04-23,SKU-007,21.2,online,Southwest
2026-04-24,SKU-007,20.1,retail,Midwest
2026-04-25,SKU-007,32.9,online,Midwest
2026-04-26,SKU-007,31.7,online,Southeast
2026-04-27,SKU-007,29.8,wholesale,Midwest
2026-04-28,SKU-007,28.8,online,Northeast
2026-04-29,SKU-007,19.8,retail,Northeast
2026-04-30,SKU-007,18.7,online,Southeast
2026-05-01,SKU-007,22.5,wholesale,Southwest
2026-05-02,SKU-007,26.2,retail,Midwest
2026-05-03,SKU-007,40.0,online,West
2026-05-04,SKU-007,23.0,online,West
2026-05-05,SKU-007,26.3,online,West
2026-05-06,SKU-007,25.7,retail,Northeast
2026-05-07,SKU-007,19.4,retail,Southeast
2026-05-08,SKU-007,19.0,wholesale,West
2026-05-09,SKU-007,32.8,retail,Southeast
2026-05-10,SKU-007,35.1,retail,Southwest
2026-05-11,SKU-007,17.8,retail,Southeast
2026-05-12,SKU-007,22.9,online,West
2026-05-13,SKU-007,22.3,online,Midwest
2026-05-14,SKU-007,17.3,wholesale,Southwest
2026-05-15,SKU-007,25.8,retail,Southwest
2026-05-16,SKU-007,23.6,wholesale,Midwest
2026-05-17,SKU-007,32.3,retail,Southwest
2026-05-18,SKU-007,17.8,retail,Southeast
2026-05-19,SKU-007,22.0,retail,West
2026-05-20,SKU-007,18.2,retail,Southwest
2026-05-21,SKU-007,17.1,retail,Southeast
2026-05-22,SKU-007,22.0,online,West
2026-05-23,SKU-007,31.2,online,West
2026-05-24,SKU-007,28.0,online,Midwest
2026-05-25,SKU-007,16.7,online,West
2026-05-26,SKU-007,20.4,online,West
2026-05-27,SKU-007,20.7,retail,Northeast
2026-05-28,SKU-007,25.0,online,Northeast
2026-05-29,SKU-007,26.2,retail,Northeast
2026-05-30,SKU-007,20.4,online,Southwest
2026-05-31,SKU-007,30.4,retail,Southwest
2026-06-01,SKU-007,25.6,retail,Southwest
2026-06-02,SKU-007,21.3,retail,West
2026-06-03,SKU-007,25.2,online,Northeast
2026-06-04,SKU-007,23.7,retail,Midwest
2026-06-05,SKU-007,21.0,retail,West
2026-06-06,SKU-007,27.3,online,West
2026-06-07,SKU-007,23.2,retail,Southeast
2026-06-08,SKU-007,15.1,online,Midwest
2026-06-09,SKU-007,20.5,online,Northeast
2026-06-10,SKU-007,15.4,online,Southeast
2026-06-11,SKU-007,23.1,retail,West
2025-12-14,SKU-008,32.3,retail,Southeast
2025-12-15,SKU-008,27.0,wholesale,Southeast
2025-12-16,SKU-008,32.6,retail,Midwest
2025-12-17,SKU-008,26.8,online,Southwest
2025-12-18,SKU-008,38.4,wholesale,West
2025-12-19,SKU-008,35.9,wholesale,Southeast
2025-12-20,SKU-008,49.7,online,Northeast
2025-12-21,SKU-008,41.4,online,Southwest
2025-12-22,SKU-008,33.1,retail,Southeast
2025-12-23,SKU-008,36.5,online,Southeast
2025-12-24,SKU-008,26.7,retail,Southwest
2025-12-25,SKU-008,56.5,retail,West
2025-12-26,SKU-008,32.0,retail,Southeast
2025-12-27,SKU-008,35.8,wholesale,Midwest
2025-12-28,SKU-008,39.5,online,West
2025-12-29,SKU-008,35.1,wholesale,Southwest
2025-12-30,SKU-008,30.1,retail,Midwest
2025-12-31,SKU-008,37.0,wholesale,Southeast
2026-01-01,SKU-008,40.4,retail,Midwest
2026-01-02,SKU-008,36.6,wholesale,Southeast
2026-01-03,SKU-008,50.3,retail,Southeast
2026-01-04,SKU-008,40.6,retail,Midwest
2026-01-05,SKU-008,37.0,retail,Southwest
2026-01-06,SKU-008,33.2,retail,West
2026-01-07,SKU-008,36.4,wholesale,Southwest
2026-01-08,SKU-008,42.5,retail,Northeast
2026-01-09,SKU-008,33.9,online,Southeast
2026-01-10,SKU-008,31.5,online,Midwest
2026-01-11,SKU-008,45.7,online,Midwest
2026-01-12,SKU-008,36.6,online,Northeast
2026-01-13,SKU-008,36.8,online,Southwest
2026-01-14,SKU-008,25.7,retail,Northeast
2026-01-15,SKU-008,50.5,retail,Southwest
2026-01-16,SKU-008,39.7,retail,Southwest
2026-01-17,SKU-008,38.4,retail,Midwest
2026-01-18,SKU-008,44.6,online,West
2026-01-19,SKU-008,31.8,wholesale,Midwest
2026-01-20,SKU-008,41.5,online,Midwest
2026-01-21,SKU-008,28.7,wholesale,West
2026-01-22,SKU-008,55.8,wholesale,Midwest
2026-01-23,SKU-008,38.0,retail,Southwest
2026-01-24,SKU-008,34.6,retail,Southeast
2026-01-25,SKU-008,36.6,online,Northeast
2026-01-26,SKU-008,28.4,online,Southwest
2026-01-27,SKU-008,27.3,online,Midwest
2026-01-28,SKU-008,34.7,online,Southwest
2026-01-29,SKU-008,56.3,online,West
2026-01-30,SKU-008,37.3,online,Southeast
2026-01-31,SKU-008,49.7,retail,Southwest
2026-02-01,SKU-008,47.9,online,Southwest
2026-02-02,SKU-008,34.7,online,Midwest
2026-02-03,SKU-008,34.2,wholesale,Southwest
2026-02-04,SKU-008,26.5,retail,West
2026-02-05,SKU-008,49.1,online,Midwest
2026-02-06,SKU-008,29.1,online,Midwest
2026-02-07,SKU-008,37.5,online,Southwest
2026-02-08,SKU-008,41.6,wholesale,Northeast
2026-02-09,SKU-008,27.4,online,Southeast
2026-02-10,SKU-008,40.8,retail,Southwest
2026-02-11,SKU-008,29.6,online,Midwest
2026-02-12,SKU-008,45.3,retail,Northeast
2026-02-13,SKU-008,32.0,retail,Midwest
2026-02-14,SKU-008,31.3,retail,Midwest
2026-02-15,SKU-008,41.4,retail,West
2026-02-16,SKU-008,26.2,wholesale,Southeast
2026-02-17,SKU-008,30.9,online,Northeast
2026-02-18,SKU-008,28.3,wholesale,Southwest
2026-02-19,SKU-008,49.1,retail,Southeast
2026-02-20,SKU-008,36.9,retail,West
2026-02-21,SKU-008,48.1,online,West
2026-02-22,SKU-008,44.2,wholesale,Southeast
2026-02-23,SKU-008,25.9,retail,Northeast
2026-02-24,SKU-008,27.0,online,Midwest
2026-02-25,SKU-008,35.1,retail,Southeast
2026-02-26,SKU-008,58.4,online,West
2026-02-27,SKU-008,36.3,online,Northeast
2026-02-28,SKU-008,39.0,online,Northeast
2026-03-01,SKU-008,44.2,retail,Southwest
2026-03-02,SKU-008,26.4,retail,Midwest
2026-03-03,SKU-008,41.4,online,Midwest
2026-03-04,SKU-008,36.0,online,West
2026-03-05,SKU-008,45.7,retail,Northeast
2026-03-06,SKU-008,33.7,retail,Southeast
2026-03-07,SKU-008,46.5,retail,Southwest
2026-03-08,SKU-008,37.1,retail,Midwest
2026-03-09,SKU-008,37.2,wholesale,Midwest
2026-03-10,SKU-008,42.0,online,Southwest
2026-03-11,SKU-008,28.1,online,Southwest
2026-03-12,SKU-008,51.0,retail,Northeast
2026-03-13,SKU-008,30.9,retail,Midwest
2026-03-14,SKU-008,35.5,wholesale,Southwest
2026-03-15,SKU-008,34.1,online,Southwest
2026-03-16,SKU-008,40.0,online,Southeast
2026-03-17,SKU-008,37.2,retail,Northeast
2026-03-18,SKU-008,40.3,wholesale,Southwest
2026-03-19,SKU-008,47.8,retail,Midwest
2026-03-20,SKU-008,37.3,online,Southeast
2026-03-21,SKU-008,46.3,online,Midwest
2026-03-22,SKU-008,38.6,retail,Southeast
2026-03-23,SKU-008,27.5,retail,Southeast
2026-03-24,SKU-008,31.2,online,Southwest
2026-03-25,SKU-008,37.1,retail,Southeast
2026-03-26,SKU-008,50.5,online,Midwest
2026-03-27,SKU-008,42.3,online,Midwest
2026-03-28,SKU-008,36.4,online,West
2026-03-29,SKU-008,37.0,online,Midwest
2026-03-30,SKU-008,40.9,online,Midwest
2026-03-31,SKU-008,39.2,online,Northeast
2026-04-01,SKU-008,28.9,retail,Midwest
2026-04-02,SKU-008,57.8,online,Southwest
2026-04-03,SKU-008,29.3,retail,Northeast
2026-04-04,SKU-008,46.5,wholesale,Southwest
2026-04-05,SKU-008,44.5,retail,Southwest
2026-04-06,SKU-008,32.9,retail,Northeast
2026-04-07,SKU-008,35.4,retail,Southwest
2026-04-08,SKU-008,34.1,retail,Midwest
2026-04-09,SKU-008,46.5,wholesale,Southwest
2026-04-10,SKU-008,38.6,online,West
2026-04-11,SKU-008,41.9,online,Midwest
2026-04-12,SKU-008,41.9,retail,Southwest
2026-04-13,SKU-008,37.8,retail,Southeast
2026-04-14,SKU-008,33.7,online,Southwest
2026-04-15,SKU-008,37.4,wholesale,West
2026-04-16,SKU-008,60.0,online,West
2026-04-17,SKU-008,30.0,online,Southeast
2026-04-18,SKU-008,32.4,online,Midwest
2026-04-19,SKU-008,39.6,wholesale,Northeast
2026-04-20,SKU-008,26.7,retail,Northeast
2026-04-21,SKU-008,38.2,retail,Midwest
2026-04-22,SKU-008,40.5,online,Southwest
2026-04-23,SKU-008,51.1,online,West
2026-04-24,SKU-008,32.4,retail,Northeast
2026-04-25,SKU-008,42.4,online,Southeast
2026-04-26,SKU-008,42.4,online,Midwest
2026-04-27,SKU-008,34.5,online,Southwest
2026-04-28,SKU-008,26.2,wholesale,West
2026-04-29,SKU-008,29.0,online,Midwest
2026-04-30,SKU-008,42.3,online,Midwest
2026-05-01,SKU-008,36.6,retail,Southeast
2026-05-02,SKU-008,40.3,online,Northeast
2026-05-03,SKU-008,41.8,online,Southeast
2026-05-04,SKU-008,36.4,retail,West
2026-05-05,SKU-008,26.5,online,Southwest
2026-05-06,SKU-008,36.5,online,Southwest
2026-05-07,SKU-008,38.1,retail,Northeast
2026-05-08,SKU-008,29.1,wholesale,Southwest
2026-05-09,SKU-008,51.9,retail,Southwest
2026-05-10,SKU-008,45.2,wholesale,Midwest
2026-05-11,SKU-008,42.7,online,Southwest
2026-05-12,SKU-008,43.5,wholesale,Southeast
2026-05-13,SKU-008,30.0,online,Southeast
2026-05-14,SKU-008,57.0,retail,Southeast
2026-05-15,SKU-008,37.1,retail,Southeast
2026-05-16,SKU-008,47.1,online,West
2026-05-17,SKU-008,44.4,online,West
2026-05-18,SKU-008,33.0,online,Southeast
2026-05-19,SKU-008,35.4,wholesale,West
2026-05-20,SKU-008,40.7,retail,Southeast
2026-05-21,SKU-008,49.2,retail,Northeast
2026-05-22,SKU-008,41.7,retail,Northeast
2026-05-23,SKU-008,33.8,retail,Southwest
2026-05-24,SKU-008,43.3,online,West
2026-05-25,SKU-008,35.5,online,Northeast
2026-05-26,SKU-008,38.6,online,West
2026-05-27,SKU-008,40.2,online,Southwest
2026-05-28,SKU-008,57.5,wholesale,Southwest
2026-05-29,SKU-008,28.1,online,West
2026-05-30,SKU-008,48.2,wholesale,Northeast
2026-05-31,SKU-008,37.9,wholesale,West
2026-06-01,SKU-008,30.9,online,Northeast
2026-06-02,SKU-008,36.6,online,Northeast
2026-06-03,SKU-008,33.0,online,Midwest
2026-06-04,SKU-008,47.7,online,West
2026-06-05,SKU-008,37.9,online,Southwest
2026-06-06,SKU-008,41.0,online,Midwest
2026-06-07,SKU-008,53.1,online,Southeast
2026-06-08,SKU-008,33.7,retail,West
2026-06-09,SKU-008,29.6,retail,West
2026-06-10,SKU-008,30.9,online,Midwest
2026-06-11,SKU-008,57.0,online,Southeast
2025-12-14,SKU-009,16.1,retail,Southeast
2025-12-15,SKU-009,10.9,retail,Southeast
2025-12-16,SKU-009,8.9,retail,Midwest
2025-12-17,SKU-009,12.8,retail,Northeast
2025-12-18,SKU-009,9.2,wholesale,Northeast
2025-12-19,SKU-009,12.7,retail,West
2025-12-20,SKU-009,18.9,online,Northeast
2025-12-21,SKU-009,11.6,online,Southwest
2025-12-22,SKU-009,8.3,online,West
2025-12-23,SKU-009,11.4,retail,Southwest
2025-12-24,SKU-009,8.4,retail,Southeast
2025-12-25,SKU-009,11.4,online,Southeast
2025-12-26,SKU-009,12.5,wholesale,Southwest
2025-12-27,SKU-009,13.4,online,Southwest
2025-12-28,SKU-009,12.8,retail,Southwest
2025-12-29,SKU-009,8.7,online,Southeast
2025-12-30,SKU-009,11.2,wholesale,Northeast
2025-12-31,SKU-009,12.9,retail,Midwest
2026-01-01,SKU-009,11.2,online,Southeast
2026-01-02,SKU-009,10.3,retail,Northeast
2026-01-03,SKU-009,17.5,retail,Southwest
2026-01-04,SKU-009,14.8,online,Midwest
2026-01-05,SKU-009,8.7,wholesale,West
2026-01-06,SKU-009,12.1,retail,Midwest
2026-01-07,SKU-009,8.3,retail,Southwest
2026-01-08,SKU-009,7.8,online,Northeast
2026-01-09,SKU-009,11.3,wholesale,Southwest
2026-01-10,SKU-009,16.0,retail,West
2026-01-11,SKU-009,14.5,retail,Southeast
2026-01-12,SKU-009,10.9,wholesale,West
2026-01-13,SKU-009,10.4,wholesale,Northeast
2026-01-14,SKU-009,9.4,online,West
2026-01-15,SKU-009,10.1,wholesale,Southeast
2026-01-16,SKU-009,10.8,online,Midwest
2026-01-17,SKU-009,13.4,online,Midwest
2026-01-18,SKU-009,9.8,online,Midwest
2026-01-19,SKU-009,7.3,wholesale,West
2026-01-20,SKU-009,8.3,online,Southwest
2026-01-21,SKU-009,8.0,wholesale,Southeast
2026-01-22,SKU-009,9.0,online,Southeast
2026-01-23,SKU-009,10.6,online,Southeast
2026-01-24,SKU-009,14.8,retail,Midwest
2026-01-25,SKU-009,8.9,online,Northeast
2026-01-26,SKU-009,9.6,retail,Southwest
2026-01-27,SKU-009,6.6,wholesale,Northeast
2026-01-28,SKU-009,10.2,online,Midwest
2026-01-29,SKU-009,8.6,wholesale,Southwest
2026-01-30,SKU-009,10.1,online,Southwest
2026-01-31,SKU-009,10.7,online,Southwest
2026-02-01,SKU-009,8.3,retail,West
2026-02-02,SKU-009,8.3,retail,Southwest
2026-02-03,SKU-009,7.7,wholesale,Southeast
2026-02-04,SKU-009,8.1,online,Southwest
2026-02-05,SKU-009,8.0,retail,Northeast
2026-02-06,SKU-009,8.9,online,Northeast
2026-02-07,SKU-009,10.5,retail,Midwest
2026-02-08,SKU-009,8.2,online,Midwest
2026-02-09,SKU-009,7.9,retail,Midwest
2026-02-10,SKU-009,6.7,online,West
2026-02-11,SKU-009,8.7,online,West
2026-02-12,SKU-009,7.0,online,Southeast
2026-02-13,SKU-009,9.6,retail,Northeast
2026-02-14,SKU-009,12.2,retail,Southwest
2026-02-15,SKU-009,9.0,online,Southeast
2026-02-16,SKU-009,8.8,retail,West
2026-02-17,SKU-009,8.7,online,West
2026-02-18,SKU-009,6.1,wholesale,Southwest
2026-02-19,SKU-009,7.6,online,West
2026-02-20,SKU-009,6.7,retail,Southwest
2026-02-21,SKU-009,8.1,online,Southeast
2026-02-22,SKU-009,6.9,retail,West
2026-02-23,SKU-009,8.5,online,Midwest
2026-02-24,SKU-009,6.4,online,Southwest
2026-02-25,SKU-009,8.7,online,Northeast
2026-02-26,SKU-009,6.8,online,Southwest
2026-02-27,SKU-009,6.0,retail,Southwest
2026-02-28,SKU-009,8.4,retail,Midwest
2026-03-01,SKU-009,7.8,retail,West
2026-03-02,SKU-009,8.3,online,Midwest
2026-03-03,SKU-009,6.8,wholesale,Southeast
2026-03-04,SKU-009,7.4,wholesale,West
2026-03-05,SKU-009,7.3,retail,Northeast
2026-03-06,SKU-009,5.4,online,Midwest
2026-03-07,SKU-009,8.8,online,Midwest
2026-03-08,SKU-009,8.6,online,West
2026-03-09,SKU-009,7.7,wholesale,Southwest
2026-03-10,SKU-009,6.8,online,Southeast
2026-03-11,SKU-009,5.6,online,Southeast
2026-03-12,SKU-009,7.2,wholesale,Northeast
2026-03-13,SKU-009,5.6,online,Northeast
2026-03-14,SKU-009,7.3,wholesale,Southwest
2026-03-15,SKU-009,6.1,retail,Southwest
2026-03-16,SKU-009,7.4,online,Midwest
2026-03-17,SKU-009,6.9,online,West
2026-03-18,SKU-009,5.8,online,Midwest
2026-03-19,SKU-009,6.2,online,Southwest
2026-03-20,SKU-009,7.5,online,Midwest
2026-03-21,SKU-009,10.7,online,West
2026-03-22,SKU-009,7.6,wholesale,Midwest
2026-03-23,SKU-009,6.5,online,Southwest
2026-03-24,SKU-009,5.3,retail,Southwest
2026-03-25,SKU-009,6.1,retail,Southwest
2026-03-26,SKU-009,5.7,online,Southwest
2026-03-27,SKU-009,5.4,online,Midwest
2026-03-28,SKU-009,8.3,online,Midwest
2026-03-29,SKU-009,5.7,retail,Southeast
2026-03-30,SKU-009,5.7,online,Northeast
2026-03-31,SKU-009,6.8,online,West
2026-04-01,SKU-009,5.6,retail,Midwest
2026-04-02,SKU-009,6.5,retail,Southwest
2026-04-03,SKU-009,5.8,online,Southwest
2026-04-04,SKU-009,8.5,online,West
2026-04-05,SKU-009,8.7,online,Northeast
2026-04-06,SKU-009,5.9,online,Southwest
2026-04-07,SKU-009,7.1,retail,Midwest
2026-04-08,SKU-009,6.6,retail,Midwest
2026-04-09,SKU-009,5.9,wholesale,Southeast
2026-04-10,SKU-009,5.0,online,West
2026-04-11,SKU-009,9.3,online,Southwest
2026-04-12,SKU-009,7.4,online,Southeast
2026-04-13,SKU-009,4.8,retail,Southeast
2026-04-14,SKU-009,7.6,online,Southeast
2026-04-15,SKU-009,6.8,retail,Southeast
2026-04-16,SKU-009,4.9,online,Southeast
2026-04-17,SKU-009,5.7,online,West
2026-04-18,SKU-009,11.0,online,Northeast
2026-04-19,SKU-009,6.9,retail,Southeast
2026-04-20,SKU-009,4.8,retail,Northeast
2026-04-21,SKU-009,6.4,online,Midwest
2026-04-22,SKU-009,7.3,retail,Northeast
2026-04-23,SKU-009,7.8,retail,West
2026-04-24,SKU-009,7.1,online,Northeast
2026-04-25,SKU-009,7.6,retail,Northeast
2026-04-26,SKU-009,7.7,wholesale,West
2026-04-27,SKU-009,6.0,wholesale,Midwest
2026-04-28,SKU-009,5.3,retail,Southwest
2026-04-29,SKU-009,6.5,online,Midwest
2026-04-30,SKU-009,5.5,wholesale,Southeast
2026-05-01,SKU-009,8.0,online,West
2026-05-02,SKU-009,8.4,online,Midwest
2026-05-03,SKU-009,8.2,online,Southeast
2026-05-04,SKU-009,4.9,online,West
2026-05-05,SKU-009,7.2,online,Northeast
2026-05-06,SKU-009,5.8,online,Southwest
2026-05-07,SKU-009,6.1,wholesale,Northeast
2026-05-08,SKU-009,5.2,retail,Southwest
2026-05-09,SKU-009,10.9,online,Southeast
2026-05-10,SKU-009,7.4,retail,Midwest
2026-05-11,SKU-009,7.8,online,Southeast
2026-05-12,SKU-009,5.2,online,Southeast
2026-05-13,SKU-009,6.0,online,West
2026-05-14,SKU-009,7.1,retail,West
2026-05-15,SKU-009,5.9,online,Midwest
2026-05-16,SKU-009,9.1,online,Southwest
2026-05-17,SKU-009,10.3,retail,Northeast
2026-05-18,SKU-009,7.2,online,Midwest
2026-05-19,SKU-009,7.3,online,Southwest
2026-05-20,SKU-009,6.7,online,Northeast
2026-05-21,SKU-009,7.7,online,Southwest
2026-05-22,SKU-009,6.3,retail,Southwest
2026-05-23,SKU-009,12.1,online,West
2026-05-24,SKU-009,10.1,online,Midwest
2026-05-25,SKU-009,6.8,retail,Northeast
2026-05-26,SKU-009,6.0,retail,Northeast
2026-05-27,SKU-009,8.8,online,Northeast
2026-05-28,SKU-009,6.5,online,Northeast
2026-05-29,SKU-009,5.9,retail,West
2026-05-30,SKU-009,11.8,retail,Southwest
2026-05-31,SKU-009,8.3,online,Southwest
2026-06-01,SKU-009,8.7,online,Southeast
2026-06-02,SKU-009,8.5,wholesale,Northeast
2026-06-03,SKU-009,7.8,retail,Midwest
2026-06-04,SKU-009,8.2,wholesale,West
2026-06-05,SKU-009,9.4,retail,Northeast
2026-06-06,SKU-009,13.4,online,Northeast
2026-06-07,SKU-009,11.1,retail,Northeast
2026-06-08,SKU-009,10.1,wholesale,Northeast
2026-06-09,SKU-009,6.7,online,West
2026-06-10,SKU-009,7.1,retail,Southeast
2026-06-11,SKU-009,8.8,wholesale,Southwest
2025-12-14,SKU-010,19.9,online,Northeast
2025-12-15,SKU-010,14.1,retail,West
2025-12-16,SKU-010,13.8,online,Northeast
2025-12-17,SKU-010,10.5,online,West
2025-12-18,SKU-010,12.7,retail,Southwest
2025-12-19,SKU-010,15.9,online,Midwest
2025-12-20,SKU-010,18.7,retail,Midwest
2025-12-21,SKU-010,21.5,online,West
2025-12-22,SKU-010,15.1,online,Southeast
2025-12-23,SKU-010,13.5,online,Southwest
2025-12-24,SKU-010,15.9,online,West
2025-12-25,SKU-010,12.9,online,Northeast
2025-12-26,SKU-010,16.5,retail,Southwest
2025-12-27,SKU-010,13.2,wholesale,Northeast
2025-12-28,SKU-010,17.2,online,Midwest
2025-12-29,SKU-010,10.3,retail,Midwest
2025-12-30,SKU-010,16.5,retail,Southwest
2025-12-31,SKU-010,16.6,online,Northeast
2026-01-01,SKU-010,13.5,online,Midwest
2026-01-02,SKU-010,13.0,retail,Southeast
2026-01-03,SKU-010,14.9,online,Southwest
2026-01-04,SKU-010,19.0,wholesale,Northeast
2026-01-05,SKU-010,15.8,retail,Southeast
2026-01-06,SKU-010,14.2,wholesale,Southwest
2026-01-07,SKU-010,16.7,online,Midwest
2026-01-08,SKU-010,11.1,retail,West
2026-01-09,SKU-010,11.5,online,Midwest
2026-01-10,SKU-010,16.4,retail,West
2026-01-11,SKU-010,25.6,online,Southeast
2026-01-12,SKU-010,16.8,retail,Northeast
2026-01-13,SKU-010,16.0,retail,Northeast
2026-01-14,SKU-010,13.6,online,Southwest
2026-01-15,SKU-010,15.7,online,Southeast
2026-01-16,SKU-010,12.7,retail,West
2026-01-17,SKU-010,23.1,retail,Southwest
2026-01-18,SKU-010,22.2,online,Midwest
2026-01-19,SKU-010,17.9,online,Midwest
2026-01-20,SKU-010,12.5,retail,Northeast
2026-01-21,SKU-010,16.3,online,West
2026-01-22,SKU-010,16.0,retail,Southeast
2026-01-23,SKU-010,18.2,online,Southeast
2026-01-24,SKU-010,19.5,retail,Southeast
2026-01-25,SKU-010,24.0,wholesale,Southwest
2026-01-26,SKU-010,14.4,online,West
2026-01-27,SKU-010,15.1,wholesale,Northeast
2026-01-28,SKU-010,13.5,online,Midwest
2026-01-29,SKU-010,15.6,online,Southwest
2026-01-30,SKU-010,18.3,retail,Southeast
2026-01-31,SKU-010,25.7,retail,West
2026-02-01,SKU-010,25.9,online,Southeast
2026-02-02,SKU-010,14.7,online,Northeast
2026-02-03,SKU-010,14.1,online,Southwest
2026-02-04,SKU-010,21.3,wholesale,Midwest
2026-02-05,SKU-010,13.4,retail,Northeast
2026-02-06,SKU-010,16.1,online,Midwest
2026-02-07,SKU-010,18.5,retail,Southeast
2026-02-08,SKU-010,26.2,retail,Southwest
2026-02-09,SKU-010,18.0,retail,Southeast
2026-02-10,SKU-010,20.1,retail,West
2026-02-11,SKU-010,19.2,retail,Northeast
2026-02-12,SKU-010,16.3,online,Southeast
2026-02-13,SKU-010,21.3,retail,Northeast
2026-02-14,SKU-010,22.3,wholesale,Northeast
2026-02-15,SKU-010,25.4,online,Midwest
2026-02-16,SKU-010,22.5,online,West
2026-02-17,SKU-010,16.6,online,Northeast
2026-02-18,SKU-010,23.1,online,Southwest
2026-02-19,SKU-010,19.7,online,Southwest
2026-02-20,SKU-010,24.0,retail,Northeast
2026-02-21,SKU-010,18.3,wholesale,Midwest
2026-02-22,SKU-010,25.7,online,Southeast
2026-02-23,SKU-010,15.1,retail,Midwest
2026-02-24,SKU-010,21.2,online,Southwest
2026-02-25,SKU-010,17.8,online,Midwest
2026-02-26,SKU-010,24.0,wholesale,Northeast
2026-02-27,SKU-010,24.8,wholesale,Southeast
2026-02-28,SKU-010,20.4,wholesale,Southeast
2026-03-01,SKU-010,23.2,online,Southwest
2026-03-02,SKU-010,24.5,retail,West
2026-03-03,SKU-010,18.1,online,Midwest
2026-03-04,SKU-010,25.2,online,Southwest
2026-03-05,SKU-010,17.1,retail,Southwest
2026-03-06,SKU-010,21.6,retail,Southeast
2026-03-07,SKU-010,23.3,retail,Southwest
2026-03-08,SKU-010,36.6,online,Southeast
2026-03-09,SKU-010,23.1,retail,Southeast
2026-03-10,SKU-010,19.6,retail,Northeast
2026-03-11,SKU-010,18.3,retail,Southeast
2026-03-12,SKU-010,24.3,retail,West
2026-03-13,SKU-010,26.9,online,Midwest
2026-03-14,SKU-010,22.0,online,Southeast
2026-03-15,SKU-010,26.5,retail,Southwest
2026-03-16,SKU-010,23.5,retail,Southwest
2026-03-17,SKU-010,19.3,online,Northeast
2026-03-18,SKU-010,20.8,retail,West
2026-03-19,SKU-010,18.4,retail,West
2026-03-20,SKU-010,25.0,online,West
2026-03-21,SKU-010,27.4,online,Southeast
2026-03-22,SKU-010,27.9,online,Northeast
2026-03-23,SKU-010,27.7,wholesale,Southeast
2026-03-24,SKU-010,25.8,wholesale,Southeast
2026-03-25,SKU-010,18.1,wholesale,West
2026-03-26,SKU-010,27.4,online,Midwest
2026-03-27,SKU-010,27.5,wholesale,West
2026-03-28,SKU-010,26.9,online,West
2026-03-29,SKU-010,36.9,online,Southwest
2026-03-30,SKU-010,24.6,retail,Northeast
2026-03-31,SKU-010,23.8,online,Northeast
2026-04-01,SKU-010,28.1,online,Southwest
2026-04-02,SKU-010,22.5,retail,Southwest
2026-04-03,SKU-010,22.5,retail,Northeast
2026-04-04,SKU-010,24.4,online,Midwest
2026-04-05,SKU-010,38.7,online,Southeast
2026-04-06,SKU-010,23.1,retail,Northeast
2026-04-07,SKU-010,26.4,wholesale,West
2026-04-08,SKU-010,28.1,online,Southwest
2026-04-09,SKU-010,19.5,retail,Southwest
2026-04-10,SKU-010,19.9,online,West
2026-04-11,SKU-010,22.5,online,Southeast
2026-04-12,SKU-010,41.3,online,Midwest
2026-04-13,SKU-010,26.8,wholesale,Southeast
2026-04-14,SKU-010,27.2,online,Northeast
2026-04-15,SKU-010,27.1,retail,Northeast
2026-04-16,SKU-010,24.9,online,Southwest
2026-04-17,SKU-010,26.1,online,Southwest
2026-04-18,SKU-010,28.2,retail,Midwest
2026-04-19,SKU-010,36.4,retail,Southeast
2026-04-20,SKU-010,20.6,online,Northeast
2026-04-21,SKU-010,23.9,online,West
2026-04-22,SKU-010,22.3,online,Southeast
2026-04-23,SKU-010,30.7,online,Midwest
2026-04-24,SKU-010,18.9,online,West
2026-04-25,SKU-010,30.9,online,West
2026-04-26,SKU-010,30.9,retail,West
2026-04-27,SKU-010,24.5,online,Southwest
2026-04-28,SKU-010,26.4,online,Southwest
2026-04-29,SKU-010,22.4,retail,Southeast
2026-04-30,SKU-010,19.5,online,Midwest
2026-05-01,SKU-010,19.4,wholesale,Southwest
2026-05-02,SKU-010,35.7,online,Northeast
2026-05-03,SKU-010,27.8,online,Southeast
2026-05-04,SKU-010,21.0,online,Southwest
2026-05-05,SKU-010,26.2,retail,West
2026-05-06,SKU-010,28.4,online,Northeast
2026-05-07,SKU-010,20.1,online,Midwest
2026-05-08,SKU-010,30.3,retail,West
2026-05-09,SKU-010,35.9,online,West
2026-05-10,SKU-010,29.4,retail,Midwest
2026-05-11,SKU-010,23.1,online,Southeast
2026-05-12,SKU-010,27.8,retail,Northeast
2026-05-13,SKU-010,26.2,wholesale,Southwest
2026-05-14,SKU-010,31.4,online,Southwest
2026-05-15,SKU-010,30.8,wholesale,Midwest
2026-05-16,SKU-010,29.5,retail,Midwest
2026-05-17,SKU-010,36.3,wholesale,Midwest
2026-05-18,SKU-010,30.6,retail,West
2026-05-19,SKU-010,25.5,retail,West
2026-05-20,SKU-010,29.1,wholesale,Southeast
2026-05-21,SKU-010,27.8,wholesale,Northeast
2026-05-22,SKU-010,20.4,online,Northeast
2026-05-23,SKU-010,34.1,online,Southwest
2026-05-24,SKU-010,44.6,online,Midwest
2026-05-25,SKU-010,23.2,retail,Southeast
2026-05-26,SKU-010,18.9,online,Midwest
2026-05-27,SKU-010,22.0,online,Midwest
2026-05-28,SKU-010,25.1,online,Northeast
2026-05-29,SKU-010,20.1,online,West
2026-05-30,SKU-010,33.5,retail,Northeast
2026-05-31,SKU-010,41.2,online,Midwest
2026-06-01,SKU-010,30.1,online,West
2026-06-02,SKU-010,28.5,retail,West
2026-06-03,SKU-010,20.5,online,Southwest
2026-06-04,SKU-010,29.6,online,West
2026-06-05,SKU-010,29.9,online,Southwest
2026-06-06,SKU-010,26.8,retail,Midwest
2026-06-07,SKU-010,35.8,online,Southwest
2026-06-08,SKU-010,26.7,retail,Midwest
2026-06-09,SKU-010,19.1,online,Northeast
2026-06-10,SKU-010,22.4,online,Southwest
2026-06-11,SKU-010,28.5,retail,West
2025-12-14,SKU-011,39.0,online,Midwest
2025-12-15,SKU-011,42.3,online,Northeast
2025-12-16,SKU-011,34.1,online,Southeast
2025-12-17,SKU-011,51.4,retail,Midwest
2025-12-18,SKU-011,33.3,online,Northeast
2025-12-19,SKU-011,36.5,online,Southeast
2025-12-20,SKU-011,57.1,online,Northeast
2025-12-21,SKU-011,54.6,wholesale,Southeast
2025-12-22,SKU-011,33.3,wholesale,Southwest
2025-12-23,SKU-011,35.7,online,Northeast
2025-12-24,SKU-011,65.3,wholesale,Southeast
2025-12-25,SKU-011,33.9,online,West
2025-12-26,SKU-011,44.1,retail,Northeast
2025-12-27,SKU-011,43.8,online,Southwest
2025-12-28,SKU-011,57.5,online,Northeast
2025-12-29,SKU-011,32.2,retail,Midwest
2025-12-30,SKU-011,30.7,retail,Southeast
2025-12-31,SKU-011,52.3,online,Midwest
2026-01-01,SKU-011,41.2,retail,Northeast
2026-01-02,SKU-011,36.0,online,Northeast
2026-01-03,SKU-011,37.3,retail,Southwest
2026-01-04,SKU-011,39.6,retail,Southwest
2026-01-05,SKU-011,37.2,online,Midwest
2026-01-06,SKU-011,42.5,online,Midwest
2026-01-07,SKU-011,61.7,online,West
2026-01-08,SKU-011,31.9,online,Northeast
2026-01-09,SKU-011,33.1,online,West
2026-01-10,SKU-011,47.3,retail,Southwest
2026-01-11,SKU-011,53.3,retail,West
2026-01-12,SKU-011,43.8,online,Southeast
2026-01-13,SKU-011,45.9,retail,Southwest
2026-01-14,SKU-011,46.6,wholesale,West
2026-01-15,SKU-011,43.0,online,West
2026-01-16,SKU-011,33.3,online,West
2026-01-17,SKU-011,49.7,wholesale,Southeast
2026-01-18,SKU-011,59.7,retail,Midwest
2026-01-19,SKU-011,39.5,retail,Midwest
2026-01-20,SKU-011,47.9,wholesale,West
2026-01-21,SKU-011,59.1,online,Northeast
2026-01-22,SKU-011,38.8,online,Southeast
2026-01-23,SKU-011,37.4,online,Southwest
2026-01-24,SKU-011,41.3,online,Northeast
2026-01-25,SKU-011,46.4,retail,Midwest
2026-01-26,SKU-011,42.7,online,West
2026-01-27,SKU-011,36.5,online,Southeast
2026-01-28,SKU-011,73.9,online,Midwest
2026-01-29,SKU-011,35.9,retail,West
2026-01-30,SKU-011,48.0,online,Midwest
2026-01-31,SKU-011,52.0,online,Northeast
2026-02-01,SKU-011,57.0,retail,West
2026-02-02,SKU-011,33.9,retail,Midwest
2026-02-03,SKU-011,43.2,retail,Southeast
2026-02-04,SKU-011,53.9,online,Southwest
2026-02-05,SKU-011,33.8,retail,West
2026-02-06,SKU-011,38.3,retail,Northeast
2026-02-07,SKU-011,40.4,retail,Southwest
2026-02-08,SKU-011,60.9,retail,Northeast
2026-02-09,SKU-011,47.2,retail,West
2026-02-10,SKU-011,42.5,online,Southwest
2026-02-11,SKU-011,57.8,online,Midwest
2026-02-12,SKU-011,37.6,retail,Midwest
2026-02-13,SKU-011,50.4,wholesale,Midwest
2026-02-14,SKU-011,62.8,retail,Southwest
2026-02-15,SKU-011,62.6,online,Southeast
2026-02-16,SKU-011,48.9,online,Southwest
2026-02-17,SKU-011,51.2,online,Southwest
2026-02-18,SKU-011,68.3,online,Midwest
2026-02-19,SKU-011,48.9,online,Southwest
2026-02-20,SKU-011,39.1,online,West
2026-02-21,SKU-011,47.6,online,Southeast
2026-02-22,SKU-011,53.9,online,Southeast
2026-02-23,SKU-011,42.2,retail,Midwest
2026-02-24,SKU-011,48.0,online,Southeast
2026-02-25,SKU-011,47.5,online,Northeast
2026-02-26,SKU-011,33.5,wholesale,West
2026-02-27,SKU-011,50.4,online,Southeast
2026-02-28,SKU-011,52.7,online,West
2026-03-01,SKU-011,58.7,retail,West
2026-03-02,SKU-011,42.9,online,West
2026-03-03,SKU-011,41.4,online,Midwest
2026-03-04,SKU-011,49.3,online,Northeast
2026-03-05,SKU-011,41.7,retail,Southeast
2026-03-06,SKU-011,44.2,online,Southwest
2026-03-07,SKU-011,50.1,online,Northeast
2026-03-08,SKU-011,49.8,retail,Northeast
2026-03-09,SKU-011,41.2,wholesale,Northeast
2026-03-10,SKU-011,32.4,retail,Midwest
2026-03-11,SKU-011,55.0,online,Southwest
2026-03-12,SKU-011,31.2,online,Northeast
2026-03-13,SKU-011,42.7,retail,Southwest
2026-03-14,SKU-011,42.8,online,Midwest
2026-03-15,SKU-011,47.9,online,West
2026-03-16,SKU-011,39.0,online,Midwest
2026-03-17,SKU-011,37.1,wholesale,Midwest
2026-03-18,SKU-011,48.9,online,Southwest
2026-03-19,SKU-011,43.1,retail,Southwest
2026-03-20,SKU-011,33.6,retail,Southwest
2026-03-21,SKU-011,38.4,online,Midwest
2026-03-22,SKU-011,52.9,retail,Midwest
2026-03-23,SKU-011,37.4,online,Northeast
2026-03-24,SKU-011,44.1,online,Southeast
2026-03-25,SKU-011,56.2,online,Midwest
2026-03-26,SKU-011,28.2,online,Southeast
2026-03-27,SKU-011,44.7,retail,West
2026-03-28,SKU-011,41.8,online,Southeast
2026-03-29,SKU-011,44.1,retail,Northeast
2026-03-30,SKU-011,33.7,online,Southeast
2026-03-31,SKU-011,38.1,retail,West
2026-04-01,SKU-011,58.0,online,West
2026-04-02,SKU-011,31.3,online,Southeast
2026-04-03,SKU-011,30.7,retail,Midwest
2026-04-04,SKU-011,33.6,online,Northeast
2026-04-05,SKU-011,33.4,online,West
2026-04-06,SKU-011,31.8,retail,Southwest
2026-04-07,SKU-011,30.5,retail,West
2026-04-08,SKU-011,49.1,online,West
2026-04-09,SKU-011,26.3,wholesale,West
2026-04-10,SKU-011,32.6,online,Southwest
2026-04-11,SKU-011,45.5,online,Southwest
2026-04-12,SKU-011,44.3,wholesale,West
2026-04-13,SKU-011,36.0,retail,Midwest
2026-04-14,SKU-011,31.1,online,Northeast
2026-04-15,SKU-011,42.1,retail,West
2026-04-16,SKU-011,38.1,retail,Southwest
2026-04-17,SKU-011,37.9,retail,Southeast
2026-04-18,SKU-011,36.4,online,Northeast
2026-04-19,SKU-011,46.5,online,Northeast
2026-04-20,SKU-011,33.2,retail,Midwest
2026-04-21,SKU-011,28.0,online,Southeast
2026-04-22,SKU-011,35.3,retail,Northeast
2026-04-23,SKU-011,39.3,retail,Southeast
2026-04-24,SKU-011,39.2,retail,Northeast
2026-04-25,SKU-011,30.6,retail,West
2026-04-26,SKU-011,41.3,wholesale,Southwest
2026-04-27,SKU-011,36.2,online,Northeast
2026-04-28,SKU-011,34.3,online,West
2026-04-29,SKU-011,47.7,online,West
2026-04-30,SKU-011,37.4,online,West
2026-05-01,SKU-011,33.7,retail,Midwest
2026-05-02,SKU-011,32.5,retail,Midwest
2026-05-03,SKU-011,41.8,online,Midwest
2026-05-04,SKU-011,37.6,online,Midwest
2026-05-05,SKU-011,25.1,online,Southeast
2026-05-06,SKU-011,44.6,online,West
2026-05-07,SKU-011,23.8,retail,West
2026-05-08,SKU-011,25.3,retail,West
2026-05-09,SKU-011,39.2,online,Northeast
2026-05-10,SKU-011,27.6,retail,West
2026-05-11,SKU-011,21.9,online,Northeast
2026-05-12,SKU-011,34.9,retail,Midwest
2026-05-13,SKU-011,33.5,online,West
2026-05-14,SKU-011,29.4,retail,West
2026-05-15,SKU-011,27.9,online,Northeast
2026-05-16,SKU-011,34.6,online,West
2026-05-17,SKU-011,27.3,retail,Midwest
2026-05-18,SKU-011,25.3,online,Northeast
2026-05-19,SKU-011,29.3,wholesale,Northeast
2026-05-20,SKU-011,36.2,wholesale,Midwest
2026-05-21,SKU-011,21.5,online,Midwest
2026-05-22,SKU-011,29.0,online,Northeast
2026-05-23,SKU-011,40.1,retail,Midwest
2026-05-24,SKU-011,35.4,wholesale,Midwest
2026-05-25,SKU-011,26.3,wholesale,West
2026-05-26,SKU-011,29.5,online,Southeast
2026-05-27,SKU-011,28.4,wholesale,Southeast
2026-05-28,SKU-011,25.9,online,Southwest
2026-05-29,SKU-011,27.8,online,West
2026-05-30,SKU-011,38.5,online,Midwest
2026-05-31,SKU-011,24.1,retail,Northeast
2026-06-01,SKU-011,24.3,online,Southwest
2026-06-02,SKU-011,24.8,retail,Southwest
2026-06-03,SKU-011,29.5,retail,Northeast
2026-06-04,SKU-011,19.3,online,Northeast
2026-06-05,SKU-011,24.6,wholesale,Northeast
2026-06-06,SKU-011,26.2,retail,Northeast
2026-06-07,SKU-011,25.0,online,Midwest
2026-06-08,SKU-011,28.5,online,Southwest
2026-06-09,SKU-011,20.4,retail,Northeast
2026-06-10,SKU-011,27.9,retail,Southwest
2026-06-11,SKU-011,20.8,retail,West
2025-12-14,SKU-012,47.5,retail,West
2025-12-15,SKU-012,39.0,wholesale,Southwest
2025-12-16,SKU-012,43.8,online,Southeast
2025-12-17,SKU-012,68.9,retail,Midwest
2025-12-18,SKU-012,33.5,online,West
2025-12-19,SKU-012,35.8,online,Southeast
2025-12-20,SKU-012,50.4,wholesale,Northeast
2025-12-21,SKU-012,42.5,retail,Southwest
2025-12-22,SKU-012,40.3,online,West
2025-12-23,SKU-012,34.0,online,Northeast
2025-12-24,SKU-012,67.5,retail,Midwest
2025-12-25,SKU-012,41.3,retail,West
2025-12-26,SKU-012,47.2,online,Midwest
2025-12-27,SKU-012,52.8,online,Southeast
2025-12-28,SKU-012,55.1,online,Southeast
2025-12-29,SKU-012,47.9,retail,Northeast
2025-12-30,SKU-012,46.0,retail,Midwest
2025-12-31,SKU-012,58.9,retail,Southeast
2026-01-01,SKU-012,35.0,retail,Northeast
2026-01-02,SKU-012,45.9,wholesale,Southwest
2026-01-03,SKU-012,52.6,online,Southeast
2026-01-04,SKU-012,46.6,online,Southeast
2026-01-05,SKU-012,47.4,wholesale,West
2026-01-06,SKU-012,43.4,online,Northeast
2026-01-07,SKU-012,48.0,online,Southeast
2026-01-08,SKU-012,42.0,online,West
2026-01-09,SKU-012,33.6,retail,Southwest
2026-01-10,SKU-012,44.1,retail,West
2026-01-11,SKU-012,53.1,online,Southeast
2026-01-12,SKU-012,48.4,retail,Midwest
2026-01-13,SKU-012,41.8,retail,Midwest
2026-01-14,SKU-012,53.6,online,Southeast
2026-01-15,SKU-012,34.9,retail,Southeast
2026-01-16,SKU-012,41.0,online,West
2026-01-17,SKU-012,55.2,online,West
2026-01-18,SKU-012,43.6,wholesale,West
2026-01-19,SKU-012,36.7,online,West
2026-01-20,SKU-012,48.6,retail,Midwest
2026-01-21,SKU-012,53.0,online,Southwest
2026-01-22,SKU-012,34.2,online,West
2026-01-23,SKU-012,43.0,online,Midwest
2026-01-24,SKU-012,45.7,online,Southeast
2026-01-25,SKU-012,60.9,retail,Southwest
2026-01-26,SKU-012,52.9,retail,Southwest
2026-01-27,SKU-012,51.8,online,Southwest
2026-01-28,SKU-012,62.2,wholesale,Southwest
2026-01-29,SKU-012,43.5,online,Northeast
2026-01-30,SKU-012,49.2,retail,Southeast
2026-01-31,SKU-012,46.7,online,Southeast
2026-02-01,SKU-012,63.9,retail,Southeast
2026-02-02,SKU-012,53.3,wholesale,West
2026-02-03,SKU-012,54.8,online,West
2026-02-04,SKU-012,70.2,retail,West
2026-02-05,SKU-012,45.0,online,Northeast
2026-02-06,SKU-012,43.2,online,Southwest
2026-02-07,SKU-012,60.5,retail,West
2026-02-08,SKU-012,65.8,online,Midwest
2026-02-09,SKU-012,38.6,wholesale,Northeast
2026-02-10,SKU-012,44.0,online,West
2026-02-11,SKU-012,74.5,retail,Northeast
2026-02-12,SKU-012,55.1,online,Southeast
2026-02-13,SKU-012,52.8,online,Midwest
2026-02-14,SKU-012,57.3,retail,Northeast
2026-02-15,SKU-012,63.7,online,Midwest
2026-02-16,SKU-012,45.3,online,Midwest
2026-02-17,SKU-012,49.0,retail,Southwest
2026-02-18,SKU-012,72.8,retail,Northeast
2026-02-19,SKU-012,47.4,online,Northeast
2026-02-20,SKU-012,45.0,wholesale,Midwest
2026-02-21,SKU-012,64.7,online,Midwest
2026-02-22,SKU-012,53.3,online,Midwest
2026-02-23,SKU-012,37.5,retail,Northeast
2026-02-24,SKU-012,46.2,retail,Southeast
2026-02-25,SKU-012,79.1,online,Northeast
2026-02-26,SKU-012,48.2,retail,Southwest
2026-02-27,SKU-012,53.3,retail,Southeast
2026-02-28,SKU-012,49.5,wholesale,Southwest
2026-03-01,SKU-012,59.4,online,Northeast
2026-03-02,SKU-012,42.1,online,Southwest
2026-03-03,SKU-012,45.6,online,Southwest
2026-03-04,SKU-012,69.8,retail,Midwest
2026-03-05,SKU-012,44.0,online,Northeast
2026-03-06,SKU-012,38.1,wholesale,Northeast
2026-03-07,SKU-012,43.2,wholesale,Midwest
2026-03-08,SKU-012,67.2,online,Southeast
2026-03-09,SKU-012,40.2,retail,West
2026-03-10,SKU-012,37.3,online,Northeast
2026-03-11,SKU-012,57.7,wholesale,Southwest
2026-03-12,SKU-012,55.1,online,West
2026-03-13,SKU-012,44.1,retail,Midwest
2026-03-14,SKU-012,46.4,online,Southeast
2026-03-15,SKU-012,64.2,retail,Midwest
2026-03-16,SKU-012,43.4,online,Midwest
2026-03-17,SKU-012,45.1,retail,Southwest
2026-03-18,SKU-012,75.7,online,Midwest
2026-03-19,SKU-012,47.0,wholesale,Midwest
2026-03-20,SKU-012,38.1,online,West
2026-03-21,SKU-012,51.6,online,Northeast
2026-03-22,SKU-012,45.5,online,Southeast
2026-03-23,SKU-012,48.3,online,Southwest
2026-03-24,SKU-012,40.8,wholesale,Southeast
2026-03-25,SKU-012,53.9,online,Midwest
2026-03-26,SKU-012,47.4,online,Midwest
2026-03-27,SKU-012,38.5,retail,Northeast
2026-03-28,SKU-012,60.0,wholesale,Southeast
2026-03-29,SKU-012,51.9,retail,Southeast
2026-03-30,SKU-012,46.6,online,Northeast
2026-03-31,SKU-012,43.7,online,Southeast
2026-04-01,SKU-012,79.8,wholesale,Southeast
2026-04-02,SKU-012,34.6,retail,Southwest
2026-04-03,SKU-012,42.1,retail,West
2026-04-04,SKU-012,66.7,wholesale,Southwest
2026-04-05,SKU-012,60.4,retail,West
2026-04-06,SKU-012,42.3,online,West
2026-04-07,SKU-012,55.3,online,Southwest
2026-04-08,SKU-012,53.0,online,Southwest
2026-04-09,SKU-012,54.0,online,Northeast
2026-04-10,SKU-012,42.2,retail,Southeast
2026-04-11,SKU-012,58.3,online,Midwest
2026-04-12,SKU-012,47.5,online,West
2026-04-13,SKU-012,50.4,wholesale,Southwest
2026-04-14,SKU-012,43.9,online,Southwest
2026-04-15,SKU-012,69.3,wholesale,Midwest
2026-04-16,SKU-012,44.0,retail,West
2026-04-17,SKU-012,43.4,online,Midwest
2026-04-18,SKU-012,51.8,online,West
2026-04-19,SKU-012,66.8,online,West
2026-04-20,SKU-012,52.1,online,West
2026-04-21,SKU-012,41.6,retail,West
2026-04-22,SKU-012,73.7,online,Southwest
2026-04-23,SKU-012,48.9,online,Midwest
2026-04-24,SKU-012,46.0,wholesale,Midwest
2026-04-25,SKU-012,44.2,wholesale,West
2026-04-26,SKU-012,44.9,online,Midwest
2026-04-27,SKU-012,44.7,retail,Southwest
2026-04-28,SKU-012,52.7,online,Southeast
2026-04-29,SKU-012,77.5,online,West
2026-04-30,SKU-012,36.1,retail,Southwest
2026-05-01,SKU-012,42.2,retail,West
2026-05-02,SKU-012,48.9,retail,Southeast
2026-05-03,SKU-012,50.0,wholesale,West
2026-05-04,SKU-012,38.1,retail,Midwest
2026-05-05,SKU-012,45.0,online,Southeast
2026-05-06,SKU-012,51.0,retail,West
2026-05-07,SKU-012,58.6,online,Midwest
2026-05-08,SKU-012,49.0,retail,Midwest
2026-05-09,SKU-012,60.6,online,Northeast
2026-05-10,SKU-012,53.4,retail,Northeast
2026-05-11,SKU-012,55.3,online,Northeast
2026-05-12,SKU-012,38.8,online,Southeast
2026-05-13,SKU-012,62.3,online,Midwest
2026-05-14,SKU-012,45.3,wholesale,Midwest
2026-05-15,SKU-012,36.6,online,Northeast
2026-05-16,SKU-012,57.6,retail,Southeast
2026-05-17,SKU-012,64.9,retail,Southeast
2026-05-18,SKU-012,48.4,wholesale,Midwest
2026-05-19,SKU-012,42.0,retail,Midwest
2026-05-20,SKU-012,53.8,retail,Southeast
2026-05-21,SKU-012,35.9,retail,Midwest
2026-05-22,SKU-012,54.1,online,Southeast
2026-05-23,SKU-012,46.1,online,Southeast
2026-05-24,SKU-012,67.1,retail,Southwest
2026-05-25,SKU-012,50.3,retail,Southwest
2026-05-26,SKU-012,55.8,retail,Northeast
2026-05-27,SKU-012,64.9,wholesale,Northeast
2026-05-28,SKU-012,55.3,wholesale,West
2026-05-29,SKU-012,44.1,retail,Southeast
2026-05-30,SKU-012,66.9,wholesale,Southwest
2026-05-31,SKU-012,58.5,wholesale,Southeast
2026-06-01,SKU-012,52.8,online,Northeast
2026-06-02,SKU-012,41.2,wholesale,Southeast
2026-06-03,SKU-012,74.4,online,Southeast
2026-06-04,SKU-012,39.0,online,Northeast
2026-06-05,SKU-012,37.8,retail,West
2026-06-06,SKU-012,44.8,online,Southwest
2026-06-07,SKU-012,60.8,online,Midwest
2026-06-08,SKU-012,37.1,online,Northeast
2026-06-09,SKU-012,54.2,retail,Southwest
2026-06-10,SKU-012,58.3,wholesale,Southeast
2026-06-11,SKU-012,52.2,online,Southeast
2025-12-14,SKU-013,72.3,wholesale,Southwest
2025-12-15,SKU-013,47.2,online,Southwest
2025-12-16,SKU-013,58.4,retail,Southwest
2025-12-17,SKU-013,75.6,online,Southwest
2025-12-18,SKU-013,58.3,retail,Southeast
2025-12-19,SKU-013,63.7,online,Southwest
2025-12-20,SKU-013,47.2,retail,Southeast
2025-12-21,SKU-013,76.1,wholesale,West
2025-12-22,SKU-013,48.6,retail,West
2025-12-23,SKU-013,56.7,online,Midwest
2025-12-24,SKU-013,92.2,online,Southwest
2025-12-25,SKU-013,45.3,online,Midwest
2025-12-26,SKU-013,42.6,online,Southeast
2025-12-27,SKU-013,63.6,online,Midwest
2025-12-28,SKU-013,65.6,online,Midwest
2025-12-29,SKU-013,52.6,online,West
2025-12-30,SKU-013,55.6,online,West
2025-12-31,SKU-013,65.0,online,West
2026-01-01,SKU-013,44.8,online,West
2026-01-02,SKU-013,64.8,online,Northeast
2026-01-03,SKU-013,80.5,online,Northeast
2026-01-04,SKU-013,61.2,retail,Northeast
2026-01-05,SKU-013,43.2,online,Southwest
2026-01-06,SKU-013,66.2,retail,Southeast
2026-01-07,SKU-013,59.5,wholesale,Midwest
2026-01-08,SKU-013,45.5,retail,West
2026-01-09,SKU-013,43.5,retail,West
2026-01-10,SKU-013,57.7,retail,Southwest
2026-01-11,SKU-013,68.0,retail,West
2026-01-12,SKU-013,49.8,retail,West
2026-01-13,SKU-013,66.8,retail,Southeast
2026-01-14,SKU-013,86.6,online,Midwest
2026-01-15,SKU-013,53.5,online,Southeast
2026-01-16,SKU-013,41.1,retail,Northeast
2026-01-17,SKU-013,65.1,online,Southeast
2026-01-18,SKU-013,61.3,retail,Southeast
2026-01-19,SKU-013,48.5,retail,Northeast
2026-01-20,SKU-013,58.1,retail,West
2026-01-21,SKU-013,87.6,online,West
2026-01-22,SKU-013,53.5,online,Midwest
2026-01-23,SKU-013,62.1,retail,Northeast
2026-01-24,SKU-013,79.8,online,West
2026-01-25,SKU-013,77.4,online,West
2026-01-26,SKU-013,48.7,online,West
2026-01-27,SKU-013,41.2,online,Midwest
2026-01-28,SKU-013,90.8,online,West
2026-01-29,SKU-013,43.8,retail,West
2026-01-30,SKU-013,60.6,retail,West
2026-01-31,SKU-013,69.9,retail,Southwest
2026-02-01,SKU-013,63.7,retail,Southeast
2026-02-02,SKU-013,53.5,online,West
2026-02-03,SKU-013,55.7,online,Midwest
2026-02-04,SKU-013,85.7,online,Northeast
2026-02-05,SKU-013,40.6,online,Midwest
2026-02-06,SKU-013,49.1,retail,Northeast
2026-02-07,SKU-013,72.6,retail,West
2026-02-08,SKU-013,51.1,online,Midwest
2026-02-09,SKU-013,50.5,online,Southeast
2026-02-10,SKU-013,46.1,retail,Southwest
2026-02-11,SKU-013,59.2,retail,Midwest
2026-02-12,SKU-013,42.4,online,Southwest
2026-02-13,SKU-013,47.8,online,West
2026-02-14,SKU-013,65.4,wholesale,Midwest
2026-02-15,SKU-013,48.0,online,Northeast
2026-02-16,SKU-013,64.7,online,West
2026-02-17,SKU-013,47.3,online,West
2026-02-18,SKU-013,58.9,retail,Midwest
2026-02-19,SKU-013,51.6,retail,Midwest
2026-02-20,SKU-013,42.9,online,West
2026-02-21,SKU-013,52.9,retail,Northeast
2026-02-22,SKU-013,72.6,retail,Midwest
2026-02-23,SKU-013,45.1,online,Southwest
2026-02-24,SKU-013,48.4,online,Northeast
2026-02-25,SKU-013,80.0,retail,Southwest
2026-02-26,SKU-013,46.5,online,Southwest
2026-02-27,SKU-013,49.8,online,Northeast
2026-02-28,SKU-013,65.5,online,Midwest
2026-03-01,SKU-013,58.6,retail,Southeast
2026-03-02,SKU-013,47.8,online,Southwest
2026-03-03,SKU-013,48.6,retail,Southeast
2026-03-04,SKU-013,83.9,retail,Southwest
2026-03-05,SKU-013,58.4,retail,Southeast
2026-03-06,SKU-013,53.2,retail,West
2026-03-07,SKU-013,52.5,retail,Southwest
2026-03-08,SKU-013,69.6,wholesale,Southwest
2026-03-09,SKU-013,54.2,online,Southeast
2026-03-10,SKU-013,45.2,online,Southeast
2026-03-11,SKU-013,77.0,retail,West
2026-03-12,SKU-013,45.9,wholesale,Northeast
2026-03-13,SKU-013,51.0,retail,Midwest
2026-03-14,SKU-013,67.0,retail,Midwest
2026-03-15,SKU-013,62.8,online,Southeast
2026-03-16,SKU-013,38.1,online,Southeast
2026-03-17,SKU-013,54.0,online,West
2026-03-18,SKU-013,68.5,online,Northeast
2026-03-19,SKU-013,39.6,online,Northeast
2026-03-20,SKU-013,40.7,retail,Southwest
2026-03-21,SKU-013,46.8,wholesale,West
2026-03-22,SKU-013,63.4,online,Northeast
2026-03-23,SKU-013,41.4,online,Northeast
2026-03-24,SKU-013,54.5,online,Midwest
2026-03-25,SKU-013,69.7,wholesale,West
2026-03-26,SKU-013,54.9,retail,Southeast
2026-03-27,SKU-013,38.8,retail,Southwest
2026-03-28,SKU-013,65.5,retail,Southwest
2026-03-29,SKU-013,65.6,wholesale,Midwest
2026-03-30,SKU-013,43.9,online,Southwest
2026-03-31,SKU-013,35.5,retail,Midwest
2026-04-01,SKU-013,72.0,retail,Southeast
2026-04-02,SKU-013,52.6,online,Northeast
2026-04-03,SKU-013,36.0,wholesale,West
2026-04-04,SKU-013,49.4,wholesale,Northeast
2026-04-05,SKU-013,51.2,online,Northeast
2026-04-06,SKU-013,38.3,online,Southeast
2026-04-07,SKU-013,51.7,wholesale,Southeast
2026-04-08,SKU-013,55.2,retail,Midwest
2026-04-09,SKU-013,31.5,wholesale,Southwest
2026-04-10,SKU-013,31.6,retail,Northeast
2026-04-11,SKU-013,54.3,retail,Southeast
2026-04-12,SKU-013,43.2,online,Midwest
2026-04-13,SKU-013,48.6,retail,Southwest
2026-04-14,SKU-013,47.5,wholesale,West
2026-04-15,SKU-013,42.8,wholesale,Midwest
2026-04-16,SKU-013,35.7,wholesale,Southeast
2026-04-17,SKU-013,35.4,wholesale,Southeast
2026-04-18,SKU-013,57.2,retail,West
2026-04-19,SKU-013,53.9,online,Northeast
2026-04-20,SKU-013,44.9,wholesale,West
2026-04-21,SKU-013,42.9,wholesale,Midwest
2026-04-22,SKU-013,60.0,wholesale,Northeast
2026-04-23,SKU-013,44.0,retail,Southwest
2026-04-24,SKU-013,29.4,online,Southwest
2026-04-25,SKU-013,50.5,online,Northeast
2026-04-26,SKU-013,50.7,retail,Southeast
2026-04-27,SKU-013,39.2,retail,Southeast
2026-04-28,SKU-013,27.5,online,Midwest
2026-04-29,SKU-013,46.8,online,Southeast
2026-04-30,SKU-013,31.5,retail,Southeast
2026-05-01,SKU-013,42.0,retail,Midwest
2026-05-02,SKU-013,42.0,wholesale,Southeast
2026-05-03,SKU-013,37.6,retail,Midwest
2026-05-04,SKU-013,40.3,online,West
2026-05-05,SKU-013,32.5,online,West
2026-05-06,SKU-013,60.0,wholesale,Southeast
2026-05-07,SKU-013,26.1,online,Southwest
2026-05-08,SKU-013,36.5,retail,Northeast
2026-05-09,SKU-013,50.6,online,Southeast
2026-05-10,SKU-013,31.5,retail,Southwest
2026-05-11,SKU-013,29.3,online,Midwest
2026-05-12,SKU-013,27.6,retail,Northeast
2026-05-13,SKU-013,51.8,online,West
2026-05-14,SKU-013,37.9,online,Southeast
2026-05-15,SKU-013,35.8,online,Midwest
2026-05-16,SKU-013,34.8,online,Southeast
2026-05-17,SKU-013,37.3,online,Southeast
2026-05-18,SKU-013,39.5,online,Southeast
2026-05-19,SKU-013,30.2,online,Southeast
2026-05-20,SKU-013,33.9,wholesale,Southeast
2026-05-21,SKU-013,32.8,wholesale,Midwest
2026-05-22,SKU-013,32.1,retail,Northeast
2026-05-23,SKU-013,28.0,online,Midwest
2026-05-24,SKU-013,45.5,online,Southeast
2026-05-25,SKU-013,33.4,retail,Southwest
2026-05-26,SKU-013,26.3,online,Northeast
2026-05-27,SKU-013,32.8,wholesale,West
2026-05-28,SKU-013,35.6,wholesale,Southwest
2026-05-29,SKU-013,32.4,retail,Northeast
2026-05-30,SKU-013,31.0,retail,Midwest
2026-05-31,SKU-013,43.5,retail,Southeast
2026-06-01,SKU-013,35.5,retail,Southwest
2026-06-02,SKU-013,24.0,online,West
2026-06-03,SKU-013,49.1,wholesale,Southeast
2026-06-04,SKU-013,22.5,retail,West
2026-06-05,SKU-013,23.1,online,Northeast
2026-06-06,SKU-013,41.9,online,Midwest
2026-06-07,SKU-013,37.7,wholesale,Midwest
2026-06-08,SKU-013,33.1,online,Midwest
2026-06-09,SKU-013,27.7,online,Southeast
2026-06-10,SKU-013,35.2,wholesale,Southeast
2026-06-11,SKU-013,27.9,wholesale,West
2025-12-14,SKU-014,23.9,online,Southeast
2025-12-15,SKU-014,21.5,online,Southeast
2025-12-16,SKU-014,28.3,online,West
2025-12-17,SKU-014,28.2,online,Southwest
2025-12-18,SKU-014,25.7,online,Southeast
2025-12-19,SKU-014,21.1,online,Midwest
2025-12-20,SKU-014,26.6,online,Southwest
2025-12-21,SKU-014,36.8,retail,Southwest
2025-12-22,SKU-014,22.5,wholesale,Northeast
2025-12-23,SKU-014,26.7,retail,West
2025-12-24,SKU-014,45.6,online,West
2025-12-25,SKU-014,28.9,wholesale,Northeast
2025-12-26,SKU-014,23.8,wholesale,Northeast
2025-12-27,SKU-014,30.7,retail,Northeast
2025-12-28,SKU-014,38.0,online,Northeast
2025-12-29,SKU-014,26.4,retail,West
2025-12-30,SKU-014,26.4,wholesale,Southwest
2025-12-31,SKU-014,41.5,online,Northeast
2026-01-01,SKU-014,29.3,wholesale,Midwest
2026-01-02,SKU-014,33.3,wholesale,Southwest
2026-01-03,SKU-014,26.9,wholesale,Midwest
2026-01-04,SKU-014,30.2,online,Northeast
2026-01-05,SKU-014,28.1,retail,Northeast
2026-01-06,SKU-014,26.1,online,West
2026-01-07,SKU-014,31.1,wholesale,Southeast
2026-01-08,SKU-014,26.1,online,Southeast
2026-01-09,SKU-014,22.5,online,West
2026-01-10,SKU-014,37.6,wholesale,Southwest
2026-01-11,SKU-014,27.5,retail,Midwest
2026-01-12,SKU-014,28.1,online,West
2026-01-13,SKU-014,27.6,retail,West
2026-01-14,SKU-014,31.6,online,Midwest
2026-01-15,SKU-014,29.6,online,West
2026-01-16,SKU-014,22.4,retail,West
2026-01-17,SKU-014,37.0,retail,Southeast
2026-01-18,SKU-014,41.4,retail,Southwest
2026-01-19,SKU-014,22.3,online,Northeast
2026-01-20,SKU-014,34.0,online,Southeast
2026-01-21,SKU-014,49.9,retail,Midwest
2026-01-22,SKU-014,33.1,retail,Midwest
2026-01-23,SKU-014,29.3,retail,Northeast
2026-01-24,SKU-014,34.5,retail,West
2026-01-25,SKU-014,27.4,retail,Southwest
2026-01-26,SKU-014,32.8,online,Southwest
2026-01-27,SKU-014,22.5,retail,Northeast
2026-01-28,SKU-014,45.2,online,Southeast
2026-01-29,SKU-014,33.3,online,West
2026-01-30,SKU-014,33.8,online,Southwest
2026-01-31,SKU-014,38.3,retail,West
2026-02-01,SKU-014,36.6,online,Southeast
2026-02-02,SKU-014,24.3,online,Southwest
2026-02-03,SKU-014,25.0,retail,West
2026-02-04,SKU-014,41.1,online,Northeast
2026-02-05,SKU-014,21.5,retail,West
2026-02-06,SKU-014,31.2,wholesale,Southwest
2026-02-07,SKU-014,38.3,online,Southwest
2026-02-08,SKU-014,32.0,retail,West
2026-02-09,SKU-014,32.8,online,Southeast
2026-02-10,SKU-014,21.5,online,Northeast
2026-02-11,SKU-014,44.3,online,Northeast
2026-02-12,SKU-014,24.2,retail,Southeast
2026-02-13,SKU-014,27.4,retail,Southwest
2026-02-14,SKU-014,29.0,online,West
2026-02-15,SKU-014,28.2,online,Northeast
2026-02-16,SKU-014,23.6,online,West
2026-02-17,SKU-014,34.8,online,West
2026-02-18,SKU-014,41.8,online,Southwest
2026-02-19,SKU-014,32.8,online,Midwest
2026-02-20,SKU-014,21.2,retail,West
2026-02-21,SKU-014,42.2,retail,Southwest
2026-02-22,SKU-014,35.6,retail,Midwest
2026-02-23,SKU-014,21.5,online,Southwest
2026-02-24,SKU-014,29.2,retail,West
2026-02-25,SKU-014,34.3,online,Northeast
2026-02-26,SKU-014,26.8,online,Northeast
2026-02-27,SKU-014,24.6,retail,West
2026-02-28,SKU-014,27.2,retail,Midwest
2026-03-01,SKU-014,32.7,online,Southeast
2026-03-02,SKU-014,24.7,online,Midwest
2026-03-03,SKU-014,26.7,retail,Southwest
2026-03-04,SKU-014,47.1,online,Southwest
2026-03-05,SKU-014,32.3,retail,West
2026-03-06,SKU-014,22.3,online,West
2026-03-07,SKU-014,40.6,retail,Midwest
2026-03-08,SKU-014,37.8,retail,Southeast
2026-03-09,SKU-014,28.8,online,Northeast
2026-03-10,SKU-014,29.3,online,Southeast
2026-03-11,SKU-014,31.8,online,West
2026-03-12,SKU-014,32.9,online,Southeast
2026-03-13,SKU-014,22.9,online,Northeast
2026-03-14,SKU-014,30.1,online,Southeast
2026-03-15,SKU-014,27.0,wholesale,Southwest
2026-03-16,SKU-014,20.4,online,West
2026-03-17,SKU-014,21.4,online,Southwest
2026-03-18,SKU-014,32.4,online,Midwest
2026-03-19,SKU-014,30.1,retail,Southwest
2026-03-20,SKU-014,23.2,online,Southwest
2026-03-21,SKU-014,33.3,online,Northeast
2026-03-22,SKU-014,38.2,online,West
2026-03-23,SKU-014,31.9,retail,Northeast
2026-03-24,SKU-014,29.5,retail,Northeast
2026-03-25,SKU-014,42.5,online,Northeast
2026-03-26,SKU-014,21.4,online,Southeast
2026-03-27,SKU-014,30.8,online,Midwest
2026-03-28,SKU-014,34.0,retail,West
2026-03-29,SKU-014,34.2,online,Midwest
2026-03-30,SKU-014,23.1,online,Southeast
2026-03-31,SKU-014,24.3,online,Northeast
2026-04-01,SKU-014,31.0,retail,Midwest
2026-04-02,SKU-014,22.2,online,Midwest
2026-04-03,SKU-014,23.2,retail,Midwest
2026-04-04,SKU-014,31.8,online,Southwest
2026-04-05,SKU-014,28.6,online,West
2026-04-06,SKU-014,23.4,online,West
2026-04-07,SKU-014,29.8,retail,Midwest
2026-04-08,SKU-014,42.0,online,Northeast
2026-04-09,SKU-014,26.7,retail,Northeast
2026-04-10,SKU-014,19.0,online,Southeast
2026-04-11,SKU-014,27.9,online,Northeast
2026-04-12,SKU-014,31.0,retail,Southwest
2026-04-13,SKU-014,18.4,retail,Southwest
2026-04-14,SKU-014,29.0,online,Southwest
2026-04-15,SKU-014,39.4,retail,Midwest
2026-04-16,SKU-014,28.0,online,Midwest
2026-04-17,SKU-014,27.8,retail,Southeast
2026-04-18,SKU-014,30.6,online,Southeast
2026-04-19,SKU-014,33.1,retail,Southwest
2026-04-20,SKU-014,24.5,retail,West
2026-04-21,SKU-014,25.7,wholesale,Northeast
2026-04-22,SKU-014,24.6,online,Southeast
2026-04-23,SKU-014,22.6,retail,Southeast
2026-04-24,SKU-014,17.7,retail,Southwest
2026-04-25,SKU-014,24.7,retail,Northeast
2026-04-26,SKU-014,20.4,retail,Southwest
2026-04-27,SKU-014,19.2,retail,Midwest
2026-04-28,SKU-014,24.2,wholesale,Northeast
2026-04-29,SKU-014,34.3,retail,Midwest
2026-04-30,SKU-014,22.9,online,Northeast
2026-05-01,SKU-014,24.1,wholesale,West
2026-05-02,SKU-014,23.1,retail,West
2026-05-03,SKU-014,23.5,online,Southwest
2026-05-04,SKU-014,21.7,wholesale,Southwest
2026-05-05,SKU-014,24.5,online,Midwest
2026-05-06,SKU-014,26.3,retail,Southwest
2026-05-07,SKU-014,22.4,retail,Southwest
2026-05-08,SKU-014,23.0,online,Southwest
2026-05-09,SKU-014,25.7,retail,Midwest
2026-05-10,SKU-014,24.0,online,West
2026-05-11,SKU-014,23.5,online,Northeast
2026-05-12,SKU-014,19.3,online,Southeast
2026-05-13,SKU-014,27.6,online,Southwest
2026-05-14,SKU-014,18.9,retail,West
2026-05-15,SKU-014,23.4,retail,West
2026-05-16,SKU-014,29.6,retail,West
2026-05-17,SKU-014,26.3,online,Southeast
2026-05-18,SKU-014,15.9,online,West
2026-05-19,SKU-014,15.7,retail,Southwest
2026-05-20,SKU-014,22.0,online,West
2026-05-21,SKU-014,14.6,online,Southwest
2026-05-22,SKU-014,17.7,wholesale,Southwest
2026-05-23,SKU-014,26.8,online,Midwest
2026-05-24,SKU-014,23.5,online,Southeast
2026-05-25,SKU-014,15.1,online,Midwest
2026-05-26,SKU-014,16.7,online,Southeast
2026-05-27,SKU-014,21.5,retail,Northeast
2026-05-28,SKU-014,22.3,online,Midwest
2026-05-29,SKU-014,15.6,retail,West
2026-05-30,SKU-014,16.5,retail,Northeast
2026-05-31,SKU-014,25.8,online,Southwest
2026-06-01,SKU-014,16.2,online,Midwest
2026-06-02,SKU-014,20.3,online,Southwest
2026-06-03,SKU-014,20.6,online,West
2026-06-04,SKU-014,20.0,retail,Southeast
2026-06-05,SKU-014,20.8,online,Southwest
2026-06-06,SKU-014,22.9,online,Southeast
2026-06-07,SKU-014,25.3,online,Northeast
2026-06-08,SKU-014,21.3,wholesale,Midwest
2026-06-09,SKU-014,18.5,wholesale,Northeast
2026-06-10,SKU-014,25.3,retail,Midwest
2026-06-11,SKU-014,17.6,online,Southwest
2025-12-14,SKU-015,22.8,wholesale,Southwest
2025-12-15,SKU-015,24.7,online,Southwest
2025-12-16,SKU-015,24.0,retail,Southwest
2025-12-17,SKU-015,28.5,online,Southwest
2025-12-18,SKU-015,28.4,online,Southeast
2025-12-19,SKU-015,20.8,retail,Southwest
2025-12-20,SKU-015,28.0,retail,Southwest
2025-12-21,SKU-015,26.2,retail,West
2025-12-22,SKU-015,28.1,online,West
2025-12-23,SKU-015,20.0,online,Southwest
2025-12-24,SKU-015,21.7,online,Northeast
2025-12-25,SKU-015,42.0,retail,Midwest
2025-12-26,SKU-015,19.6,online,Northeast
2025-12-27,SKU-015,23.9,wholesale,Southeast
2025-12-28,SKU-015,22.5,wholesale,Southeast
2025-12-29,SKU-015,18.2,online,West
2025-12-30,SKU-015,19.1,online,Midwest
2025-12-31,SKU-015,21.0,wholesale,Northeast
2026-01-01,SKU-015,26.3,online,Southwest
2026-01-02,SKU-015,24.9,online,Southwest
2026-01-03,SKU-015,27.3,online,Northeast
2026-01-04,SKU-015,26.3,retail,Northeast
2026-01-05,SKU-015,23.7,online,Southeast
2026-01-06,SKU-015,28.9,online,Southwest
2026-01-07,SKU-015,29.5,retail,Southeast
2026-01-08,SKU-015,38.5,retail,Southeast
2026-01-09,SKU-015,21.6,online,Northeast
2026-01-10,SKU-015,34.0,retail,Southeast
2026-01-11,SKU-015,27.2,wholesale,Southeast
2026-01-12,SKU-015,24.4,online,Southwest
2026-01-13,SKU-015,23.4,online,West
2026-01-14,SKU-015,29.5,retail,Southeast
2026-01-15,SKU-015,25.6,wholesale,West
2026-01-16,SKU-015,21.3,online,West
2026-01-17,SKU-015,36.3,retail,Southeast
2026-01-18,SKU-015,30.3,retail,Northeast
2026-01-19,SKU-015,20.0,retail,Northeast
2026-01-20,SKU-015,21.6,online,Northeast
2026-01-21,SKU-015,28.0,retail,Midwest
2026-01-22,SKU-015,40.7,online,Southwest
2026-01-23,SKU-015,29.6,online,Midwest
2026-01-24,SKU-015,31.1,wholesale,West
2026-01-25,SKU-015,25.8,retail,Midwest
2026-01-26,SKU-015,22.2,online,Southwest
2026-01-27,SKU-015,22.0,wholesale,Southeast
2026-01-28,SKU-015,25.9,online,West
2026-01-29,SKU-015,25.8,online,Southeast
2026-01-30,SKU-015,23.1,wholesale,West
2026-01-31,SKU-015,33.0,retail,Northeast
2026-02-01,SKU-015,29.8,wholesale,West
2026-02-02,SKU-015,26.2,online,West
2026-02-03,SKU-015,28.1,online,Southeast
2026-02-04,SKU-015,28.3,retail,Northeast
2026-02-05,SKU-015,27.9,online,Southeast
2026-02-06,SKU-015,23.5,online,Northeast
2026-02-07,SKU-015,33.1,retail,Midwest
2026-02-08,SKU-015,24.8,retail,Midwest
2026-02-09,SKU-015,27.9,online,West
2026-02-10,SKU-015,29.9,online,West
2026-02-11,SKU-015,29.1,retail,Southeast
2026-02-12,SKU-015,25.9,wholesale,West
2026-02-13,SKU-015,19.5,online,Southwest
2026-02-14,SKU-015,29.3,retail,Southwest
2026-02-15,SKU-015,31.9,retail,Southeast
2026-02-16,SKU-015,19.0,online,Northeast
2026-02-17,SKU-015,19.7,wholesale,Southeast
2026-02-18,SKU-015,28.9,retail,Midwest
2026-02-19,SKU-015,29.2,retail,Southwest
2026-02-20,SKU-015,25.7,retail,West
2026-02-21,SKU-015,22.1,online,Northeast
2026-02-22,SKU-015,34.6,online,West
2026-02-23,SKU-015,21.6,retail,West
2026-02-24,SKU-015,24.3,retail,Northeast
2026-02-25,SKU-015,29.0,online,Midwest
2026-02-26,SKU-015,41.8,retail,Midwest
2026-02-27,SKU-015,18.3,online,Northeast
2026-02-28,SKU-015,35.1,retail,Southeast
2026-03-01,SKU-015,36.5,online,Northeast
2026-03-02,SKU-015,29.5,online,Midwest
2026-03-03,SKU-015,22.1,retail,Northeast
2026-03-04,SKU-015,18.6,online,Northeast
2026-03-05,SKU-015,36.3,retail,Midwest
2026-03-06,SKU-015,28.6,online,West
2026-03-07,SKU-015,25.7,online,Northeast
2026-03-08,SKU-015,34.3,retail,Southeast
2026-03-09,SKU-015,29.8,retail,Southwest
2026-03-10,SKU-015,23.7,online,West
2026-03-11,SKU-015,25.4,online,Northeast
2026-03-12,SKU-015,42.0,online,Northeast
2026-03-13,SKU-015,27.9,online,West
2026-03-14,SKU-015,23.0,retail,West
2026-03-15,SKU-015,23.2,retail,Southwest
2026-03-16,SKU-015,19.0,retail,West
2026-03-17,SKU-015,19.5,retail,Southeast
2026-03-18,SKU-015,29.0,retail,Southwest
2026-03-19,SKU-015,26.3,online,West
2026-03-20,SKU-015,29.2,retail,Midwest
2026-03-21,SKU-015,31.9,retail,Northeast
2026-03-22,SKU-015,29.0,online,Southeast
2026-03-23,SKU-015,19.7,online,Northeast
2026-03-24,SKU-015,25.7,retail,Southwest
2026-03-25,SKU-015,20.0,retail,Midwest
2026-03-26,SKU-015,33.5,retail,West
2026-03-27,SKU-015,20.7,online,Northeast
2026-03-28,SKU-015,23.2,online,West
2026-03-29,SKU-015,30.0,retail,Midwest
2026-03-30,SKU-015,22.3,wholesale,Southeast
2026-03-31,SKU-015,20.3,online,Midwest
2026-04-01,SKU-015,22.0,wholesale,Southwest
2026-04-02,SKU-015,36.5,retail,Northeast
2026-04-03,SKU-015,21.4,retail,Southwest
2026-04-04,SKU-015,35.2,online,Southeast
2026-04-05,SKU-015,36.9,retail,Southeast
2026-04-06,SKU-015,28.2,online,West
2026-04-07,SKU-015,27.1,wholesale,Southwest
2026-04-08,SKU-015,27.0,wholesale,Southwest
2026-04-09,SKU-015,43.2,retail,West
2026-04-10,SKU-015,22.6,online,Northeast
2026-04-11,SKU-015,29.8,wholesale,Southeast
2026-04-12,SKU-015,32.8,online,Southeast
2026-04-13,SKU-015,21.5,retail,Midwest
2026-04-14,SKU-015,28.5,online,West
2026-04-15,SKU-015,20.8,wholesale,Midwest
2026-04-16,SKU-015,26.5,online,Southwest
2026-04-17,SKU-015,20.0,online,Southeast
2026-04-18,SKU-015,31.9,wholesale,Midwest
2026-04-19,SKU-015,23.1,online,Southeast
2026-04-20,SKU-015,22.1,online,Midwest
2026-04-21,SKU-015,27.5,online,Southwest
2026-04-22,SKU-015,21.6,online,Southeast
2026-04-23,SKU-015,41.3,wholesale,Northeast
2026-04-24,SKU-015,28.9,online,Northeast
2026-04-25,SKU-015,27.6,online,West
2026-04-26,SKU-015,26.1,retail,Southeast
2026-04-27,SKU-015,30.3,wholesale,Southwest
2026-04-28,SKU-015,29.6,wholesale,Northeast
2026-04-29,SKU-015,20.1,wholesale,Southeast
2026-04-30,SKU-015,40.5,online,West
2026-05-01,SKU-015,27.3,online,West
2026-05-02,SKU-015,37.3,online,Northeast
2026-05-03,SKU-015,34.1,retail,Southwest
2026-05-04,SKU-015,22.3,online,Southeast
2026-05-05,SKU-015,19.3,retail,Southeast
2026-05-06,SKU-015,29.3,wholesale,West
2026-05-07,SKU-015,30.3,online,West
2026-05-08,SKU-015,28.5,retail,Southeast
2026-05-09,SKU-015,30.3,retail,Southwest
2026-05-10,SKU-015,28.3,retail,Southeast
2026-05-11,SKU-015,22.7,online,West
2026-05-12,SKU-015,27.6,online,Midwest
2026-05-13,SKU-015,26.0,retail,Southwest
2026-05-14,SKU-015,38.1,online,Southeast
2026-05-15,SKU-015,24.4,online,Southeast
2026-05-16,SKU-015,27.3,wholesale,Southwest
2026-05-17,SKU-015,25.1,retail,Midwest
2026-05-18,SKU-015,25.6,online,Northeast
2026-05-19,SKU-015,22.4,retail,Southeast
2026-05-20,SKU-015,26.1,online,Southwest
2026-05-21,SKU-015,32.7,online,West
2026-05-22,SKU-015,23.9,retail,Midwest
2026-05-23,SKU-015,26.9,online,West
2026-05-24,SKU-015,26.3,retail,Midwest
2026-05-25,SKU-015,30.1,online,Southwest
2026-05-26,SKU-015,25.2,retail,Midwest
2026-05-27,SKU-015,30.4,online,Northeast
2026-05-28,SKU-015,33.2,retail,Midwest
2026-05-29,SKU-015,21.3,online,Midwest
2026-05-30,SKU-015,34.1,retail,Midwest
2026-05-31,SKU-015,25.7,retail,Southeast
2026-06-01,SKU-015,31.4,retail,Southwest
2026-06-02,SKU-015,30.3,online,Midwest
2026-06-03,SKU-015,22.4,online,West
2026-06-04,SKU-015,43.7,retail,Northeast
2026-06-05,SKU-015,24.8,retail,Southeast
2026-06-06,SKU-015,36.0,online,Southeast
2026-06-07,SKU-015,30.1,retail,Southwest
2026-06-08,SKU-015,28.4,retail,West
2026-06-09,SKU-015,23.2,online,Southeast
2026-06-10,SKU-015,24.3,wholesale,West
2026-06-11,SKU-015,30.6,online,Southwest
2025-12-14,SKU-016,19.4,online,Southeast
2025-12-15,SKU-016,16.2,retail,West
2025-12-16,SKU-016,20.7,retail,Midwest
2025-12-17,SKU-016,15.6,online,West
2025-12-18,SKU-016,20.5,retail,Midwest
2025-12-19,SKU-016,16.6,online,Northeast
2025-12-20,SKU-016,26.7,online,Midwest
2025-12-21,SKU-016,26.8,retail,Southwest
2025-12-22,SKU-016,19.0,online,West
2025-12-23,SKU-016,15.7,online,Southwest
2025-12-24,SKU-016,17.4,online,Midwest
2025-12-25,SKU-016,19.1,online,Midwest
2025-12-26,SKU-016,14.8,online,Southwest
2025-12-27,SKU-016,18.9,retail,Southwest
2025-12-28,SKU-016,26.3,online,Northeast
2025-12-29,SKU-016,22.5,online,Southeast
2025-12-30,SKU-016,16.2,retail,Northeast
2025-12-31,SKU-016,18.3,online,Northeast
2026-01-01,SKU-016,15.7,wholesale,West
2026-01-02,SKU-016,17.8,wholesale,Southeast
2026-01-03,SKU-016,23.3,online,Northeast
2026-01-04,SKU-016,25.4,wholesale,Southeast
2026-01-05,SKU-016,15.4,online,West
2026-01-06,SKU-016,22.0,retail,Southeast
2026-01-07,SKU-016,20.0,wholesale,Southwest
2026-01-08,SKU-016,16.2,retail,West
2026-01-09,SKU-016,16.9,online,Southeast
2026-01-10,SKU-016,22.5,retail,Southwest
2026-01-11,SKU-016,31.4,retail,Southwest
2026-01-12,SKU-016,22.8,online,Southwest
2026-01-13,SKU-016,14.8,online,West
2026-01-14,SKU-016,17.7,retail,Midwest
2026-01-15,SKU-016,18.2,retail,Southeast
2026-01-16,SKU-016,18.4,online,Southwest
2026-01-17,SKU-016,26.0,online,Southeast
2026-01-18,SKU-016,30.1,online,Northeast
2026-01-19,SKU-016,16.8,wholesale,Midwest
2026-01-20,SKU-016,23.0,retail,Northeast
2026-01-21,SKU-016,21.2,retail,Southeast
2026-01-22,SKU-016,23.3,online,Southwest
2026-01-23,SKU-016,15.7,online,Northeast
2026-01-24,SKU-016,23.4,retail,West
2026-01-25,SKU-016,26.8,online,Southwest
2026-01-26,SKU-016,14.9,online,West
2026-01-27,SKU-016,18.2,retail,Southeast
2026-01-28,SKU-016,18.3,online,Northeast
2026-01-29,SKU-016,21.3,online,West
2026-01-30,SKU-016,19.2,online,Southwest
2026-01-31,SKU-016,25.2,retail,West
2026-02-01,SKU-016,22.5,retail,Southeast
2026-02-02,SKU-016,16.1,online,Northeast
2026-02-03,SKU-016,16.2,online,West
2026-02-04,SKU-016,16.1,retail,Northeast
2026-02-05,SKU-016,21.0,online,Midwest
2026-02-06,SKU-016,16.1,retail,Southwest
2026-02-07,SKU-016,20.0,retail,Southwest
2026-02-08,SKU-016,29.2,retail,Northeast
2026-02-09,SKU-016,18.1,online,Northeast
2026-02-10,SKU-016,20.1,online,West
2026-02-11,SKU-016,21.7,wholesale,Midwest
2026-02-12,SKU-016,23.0,online,Northeast
2026-02-13,SKU-016,18.3,wholesale,Midwest
2026-02-14,SKU-016,26.8,retail,Northeast
2026-02-15,SKU-016,23.3,wholesale,Southeast
2026-02-16,SKU-016,21.1,online,Southwest
2026-02-17,SKU-016,15.2,online,Southwest
2026-02-18,SKU-016,20.1,retail,Southwest
2026-02-19,SKU-016,17.9,online,Southeast
2026-02-20,SKU-016,16.2,online,Southeast
2026-02-21,SKU-016,17.3,retail,Northeast
2026-02-22,SKU-016,25.2,online,Northeast
2026-02-23,SKU-016,20.2,online,Southwest
2026-02-24,SKU-016,17.5,online,Southeast
2026-02-25,SKU-016,17.8,retail,West
2026-02-26,SKU-016,23.1,online,Southwest
2026-02-27,SKU-016,21.3,wholesale,Southwest
2026-02-28,SKU-016,18.7,wholesale,Southwest
2026-03-01,SKU-016,23.9,retail,West
2026-03-02,SKU-016,20.0,wholesale,Southeast
2026-03-03,SKU-016,16.8,retail,Midwest
2026-03-04,SKU-016,22.7,retail,Northeast
2026-03-05,SKU-016,16.7,retail,Southwest
2026-03-06,SKU-016,17.7,retail,Southeast
2026-03-07,SKU-016,22.0,retail,Northeast
2026-03-08,SKU-016,22.2,retail,Northeast
2026-03-09,SKU-016,16.3,retail,Southeast
2026-03-10,SKU-016,19.0,online,Midwest
2026-03-11,SKU-016,17.9,online,West
2026-03-12,SKU-016,15.2,online,Southwest
2026-03-13,SKU-016,22.1,online,Midwest
2026-03-14,SKU-016,17.5,online,Northeast
2026-03-15,SKU-016,25.3,wholesale,Midwest
2026-03-16,SKU-016,19.7,online,Midwest
2026-03-17,SKU-016,16.1,online,Northeast
2026-03-18,SKU-016,20.9,retail,Southeast
2026-03-19,SKU-016,19.9,retail,Southeast
2026-03-20,SKU-016,18.2,online,Midwest
2026-03-21,SKU-016,17.5,retail,Northeast
2026-03-22,SKU-016,28.8,online,Southeast
2026-03-23,SKU-016,13.2,wholesale,Southeast
2026-03-24,SKU-016,13.8,online,Southwest
2026-03-25,SKU-016,19.7,wholesale,Southeast
2026-03-26,SKU-016,16.9,online,West
2026-03-27,SKU-016,15.2,retail,Southeast
2026-03-28,SKU-016,19.4,retail,Midwest
2026-03-29,SKU-016,21.0,online,Southeast
2026-03-30,SKU-016,14.6,retail,Northeast
2026-03-31,SKU-016,20.1,online,West
2026-04-01,SKU-016,13.6,online,Southwest
2026-04-02,SKU-016,17.1,online,Southeast
2026-04-03,SKU-016,18.7,retail,Northeast
2026-04-04,SKU-016,22.0,online,Northeast
2026-04-05,SKU-016,25.7,wholesale,Southwest
2026-04-06,SKU-016,16.2,retail,Southeast
2026-04-07,SKU-016,13.9,online,West
2026-04-08,SKU-016,14.0,retail,West
2026-04-09,SKU-016,12.3,online,West
2026-04-10,SKU-016,13.2,wholesale,Northeast
2026-04-11,SKU-016,14.2,retail,Midwest
2026-04-12,SKU-016,21.8,wholesale,West
2026-04-13,SKU-016,18.9,online,West
2026-04-14,SKU-016,13.8,wholesale,Northeast
2026-04-15,SKU-016,14.4,online,Northeast
2026-04-16,SKU-016,14.2,retail,Southeast
2026-04-17,SKU-016,16.9,wholesale,Midwest
2026-04-18,SKU-016,18.1,online,Midwest
2026-04-19,SKU-016,23.1,retail,West
2026-04-20,SKU-016,16.4,online,Northeast
2026-04-21,SKU-016,17.7,online,Northeast
2026-04-22,SKU-016,15.9,retail,Midwest
2026-04-23,SKU-016,15.2,wholesale,Southeast
2026-04-24,SKU-016,12.6,retail,Southeast
2026-04-25,SKU-016,13.0,retail,West
2026-04-26,SKU-016,19.1,retail,Northeast
2026-04-27,SKU-016,14.2,online,West
2026-04-28,SKU-016,11.6,online,Midwest
2026-04-29,SKU-016,13.9,retail,West
2026-04-30,SKU-016,14.4,retail,Northeast
2026-05-01,SKU-016,11.0,retail,Midwest
2026-05-02,SKU-016,19.1,online,Southeast
2026-05-03,SKU-016,23.4,online,Midwest
2026-05-04,SKU-016,10.1,online,West
2026-05-05,SKU-016,10.0,online,West
2026-05-06,SKU-016,13.4,retail,West
2026-05-07,SKU-016,11.0,online,Southeast
2026-05-08,SKU-016,11.1,online,Northeast
2026-05-09,SKU-016,15.4,retail,Southeast
2026-05-10,SKU-016,15.6,retail,Southeast
2026-05-11,SKU-016,11.3,wholesale,West
2026-05-12,SKU-016,12.4,wholesale,Northeast
2026-05-13,SKU-016,15.0,online,Midwest
2026-05-14,SKU-016,10.0,online,Northeast
2026-05-15,SKU-016,11.5,retail,West
2026-05-16,SKU-016,14.9,retail,Northeast
2026-05-17,SKU-016,13.7,retail,Northeast
2026-05-18,SKU-016,13.3,retail,Northeast
2026-05-19,SKU-016,9.7,retail,Northeast
2026-05-20,SKU-016,11.4,retail,Midwest
2026-05-21,SKU-016,14.6,online,Midwest
2026-05-22,SKU-016,12.6,online,Midwest
2026-05-23,SKU-016,18.0,retail,Midwest
2026-05-24,SKU-016,18.2,online,Northeast
2026-05-25,SKU-016,14.5,wholesale,Northeast
2026-05-26,SKU-016,8.8,wholesale,West
2026-05-27,SKU-016,12.9,wholesale,Southeast
2026-05-28,SKU-016,8.8,online,Southwest
2026-05-29,SKU-016,10.2,retail,Southeast
2026-05-30,SKU-016,12.9,retail,West
2026-05-31,SKU-016,16.2,retail,Northeast
2026-06-01,SKU-016,14.0,wholesale,Midwest
2026-06-02,SKU-016,8.5,online,Northeast
2026-06-03,SKU-016,13.7,retail,West
2026-06-04,SKU-016,9.6,online,Southwest
2026-06-05,SKU-016,12.6,online,West
2026-06-06,SKU-016,16.5,wholesale,Northeast
2026-06-07,SKU-016,17.3,online,Southeast
2026-06-08,SKU-016,12.0,wholesale,Southwest
2026-06-09,SKU-016,12.3,retail,Northeast
2026-06-10,SKU-016,8.7,retail,Midwest
2026-06-11,SKU-016,12.4,wholesale,West
2025-12-14,SKU-017,27.2,online,Northeast
2025-12-15,SKU-017,22.8,retail,Southeast
2025-12-16,SKU-017,19.8,retail,Northeast
2025-12-17,SKU-017,18.6,wholesale,Northeast
2025-12-18,SKU-017,19.3,wholesale,West
2025-12-19,SKU-017,26.5,online,Midwest
2025-12-20,SKU-017,30.7,wholesale,Northeast
2025-12-21,SKU-017,36.2,wholesale,West
2025-12-22,SKU-017,18.8,retail,Southeast
2025-12-23,SKU-017,28.8,retail,Southwest
2025-12-24,SKU-017,18.6,online,West
2025-12-25,SKU-017,25.7,retail,West
2025-12-26,SKU-017,27.6,online,Northeast
2025-12-27,SKU-017,26.0,online,Midwest
2025-12-28,SKU-017,38.3,wholesale,Northeast
2025-12-29,SKU-017,25.0,online,Midwest
2025-12-30,SKU-017,29.7,retail,Northeast
2025-12-31,SKU-017,22.0,retail,Southeast
2026-01-01,SKU-017,28.5,wholesale,Midwest
2026-01-02,SKU-017,27.7,retail,Southeast
2026-01-03,SKU-017,29.9,retail,Southeast
2026-01-04,SKU-017,27.9,online,West
2026-01-05,SKU-017,22.3,retail,Midwest
2026-01-06,SKU-017,28.7,online,West
2026-01-07,SKU-017,20.3,online,Northeast
2026-01-08,SKU-017,25.9,online,Northeast
2026-01-09,SKU-017,21.9,retail,Southwest
2026-01-10,SKU-017,29.7,retail,West
2026-01-11,SKU-017,31.6,wholesale,Northeast
2026-01-12,SKU-017,30.8,online,Southeast
2026-01-13,SKU-017,29.2,wholesale,Southeast
2026-01-14,SKU-017,27.4,online,Southeast
2026-01-15,SKU-017,29.4,retail,Midwest
2026-01-16,SKU-017,31.0,retail,Southeast
2026-01-17,SKU-017,37.7,retail,Midwest
2026-01-18,SKU-017,34.2,online,Midwest
2026-01-19,SKU-017,28.3,online,Southwest
2026-01-20,SKU-017,27.9,online,Southeast
2026-01-21,SKU-017,27.6,retail,Northeast
2026-01-22,SKU-017,20.5,retail,Southwest
2026-01-23,SKU-017,29.8,online,Midwest
2026-01-24,SKU-017,29.8,online,Southeast
2026-01-25,SKU-017,34.7,online,Southeast
2026-01-26,SKU-017,21.5,retail,Southeast
2026-01-27,SKU-017,28.2,online,Southwest
2026-01-28,SKU-017,20.2,retail,Southeast
2026-01-29,SKU-017,23.7,wholesale,Southeast
2026-01-30,SKU-017,30.6,online,West
2026-01-31,SKU-017,25.6,online,Southwest
2026-02-01,SKU-017,38.5,retail,Southeast
2026-02-02,SKU-017,26.8,online,Northeast
2026-02-03,SKU-017,20.4,online,Midwest
2026-02-04,SKU-017,27.6,wholesale,West
2026-02-05,SKU-017,28.7,wholesale,Northeast
2026-02-06,SKU-017,28.7,wholesale,West
2026-02-07,SKU-017,27.0,retail,Midwest
2026-02-08,SKU-017,27.0,online,Northeast
2026-02-09,SKU-017,25.0,retail,Southwest
2026-02-10,SKU-017,21.6,retail,Southwest
2026-02-11,SKU-017,24.8,retail,Northeast
2026-02-12,SKU-017,28.7,online,West
2026-02-13,SKU-017,31.3,retail,Midwest
2026-02-14,SKU-017,31.3,online,Northeast
2026-02-15,SKU-017,39.3,wholesale,Southwest
2026-02-16,SKU-017,21.0,retail,Northeast
2026-02-17,SKU-017,23.6,retail,Southwest
2026-02-18,SKU-017,24.7,retail,Southwest
2026-02-19,SKU-017,25.3,retail,Northeast
2026-02-20,SKU-017,27.9,online,Northeast
2026-02-21,SKU-017,25.2,retail,Southeast
2026-02-22,SKU-017,26.4,online,Midwest
2026-02-23,SKU-017,20.0,online,Southeast
2026-02-24,SKU-017,26.5,online,Midwest
2026-02-25,SKU-017,28.9,online,Northeast
2026-02-26,SKU-017,24.6,online,Southwest
2026-02-27,SKU-017,20.4,wholesale,Northeast
2026-02-28,SKU-017,25.8,online,Southwest
2026-03-01,SKU-017,41.5,online,Southwest
2026-03-02,SKU-017,23.6,retail,Midwest
2026-03-03,SKU-017,24.5,wholesale,Midwest
2026-03-04,SKU-017,25.4,retail,Northeast
2026-03-05,SKU-017,26.0,online,Northeast
2026-03-06,SKU-017,20.3,online,Southeast
2026-03-07,SKU-017,35.6,retail,Southeast
2026-03-08,SKU-017,35.5,online,Southwest
2026-03-09,SKU-017,22.9,retail,Midwest
2026-03-10,SKU-017,22.3,wholesale,West
2026-03-11,SKU-017,23.1,wholesale,West
2026-03-12,SKU-017,28.7,online,Southeast
2026-03-13,SKU-017,18.4,retail,Southeast
2026-03-14,SKU-017,31.4,retail,Southwest
2026-03-15,SKU-017,34.9,online,Southeast
2026-03-16,SKU-017,21.1,retail,West
2026-03-17,SKU-017,17.7,retail,Northeast
2026-03-18,SKU-017,20.4,retail,Southwest
2026-03-19,SKU-017,21.9,online,Northeast
2026-03-20,SKU-017,21.3,online,Midwest
2026-03-21,SKU-017,22.7,retail,Midwest
2026-03-22,SKU-017,24.4,online,Southeast
2026-03-23,SKU-017,21.2,online,Northeast
2026-03-24,SKU-017,18.9,retail,Midwest
2026-03-25,SKU-017,23.4,retail,Northeast
2026-03-26,SKU-017,22.7,retail,Midwest
2026-03-27,SKU-017,22.8,retail,Northeast
2026-03-28,SKU-017,22.4,wholesale,West
2026-03-29,SKU-017,26.3,retail,Southwest
2026-03-30,SKU-017,22.5,wholesale,West
2026-03-31,SKU-017,21.6,online,Northeast
2026-04-01,SKU-017,23.8,retail,Southeast
2026-04-02,SKU-017,17.8,retail,Midwest
2026-04-03,SKU-017,16.7,retail,Midwest
2026-04-04,SKU-017,28.6,online,Southwest
2026-04-05,SKU-017,29.1,online,West
2026-04-06,SKU-017,26.4,retail,Southwest
2026-04-07,SKU-017,18.9,wholesale,Southwest
2026-04-08,SKU-017,25.6,wholesale,Southeast
2026-04-09,SKU-017,18.9,wholesale,Midwest
2026-04-10,SKU-017,19.8,online,Northeast
2026-04-11,SKU-017,26.7,online,Southeast
2026-04-12,SKU-017,35.7,online,Northeast
2026-04-13,SKU-017,16.2,online,West
2026-04-14,SKU-017,23.5,online,West
2026-04-15,SKU-017,22.0,wholesale,Southeast
2026-04-16,SKU-017,19.9,retail,Southwest
2026-04-17,SKU-017,22.0,online,Southwest
2026-04-18,SKU-017,20.4,retail,Northeast
2026-04-19,SKU-017,31.1,retail,Midwest
2026-04-20,SKU-017,17.2,retail,Southwest
2026-04-21,SKU-017,21.4,online,West
2026-04-22,SKU-017,24.0,retail,Southwest
2026-04-23,SKU-017,23.2,online,Midwest
2026-04-24,SKU-017,22.5,retail,Northeast
2026-04-25,SKU-017,22.2,online,Midwest
2026-04-26,SKU-017,33.3,online,Southeast
2026-04-27,SKU-017,22.0,wholesale,Northeast
2026-04-28,SKU-017,16.8,online,Midwest
2026-04-29,SKU-017,16.0,retail,Southwest
2026-04-30,SKU-017,17.5,wholesale,Southwest
2026-05-01,SKU-017,21.4,online,West
2026-05-02,SKU-017,26.5,retail,Northeast
2026-05-03,SKU-017,24.0,retail,Midwest
2026-05-04,SKU-017,16.3,online,Midwest
2026-05-05,SKU-017,21.5,online,Midwest
2026-05-06,SKU-017,13.5,online,Southeast
2026-05-07,SKU-017,14.1,retail,Southeast
2026-05-08,SKU-017,16.9,wholesale,Northeast
2026-05-09,SKU-017,17.6,retail,Southeast
2026-05-10,SKU-017,24.4,online,Midwest
2026-05-11,SKU-017,16.7,online,Midwest
2026-05-12,SKU-017,13.8,online,West
2026-05-13,SKU-017,14.2,online,West
2026-05-14,SKU-017,12.8,wholesale,Southeast
2026-05-15,SKU-017,13.6,online,Southeast
2026-05-16,SKU-017,19.3,retail,Northeast
2026-05-17,SKU-017,19.7,online,West
2026-05-18,SKU-017,20.4,wholesale,Northeast
2026-05-19,SKU-017,15.8,retail,Southeast
2026-05-20,SKU-017,15.0,retail,West
2026-05-21,SKU-017,16.3,wholesale,West
2026-05-22,SKU-017,13.2,wholesale,Northeast
2026-05-23,SKU-017,15.8,online,Northeast
2026-05-24,SKU-017,25.8,online,Midwest
2026-05-25,SKU-017,15.3,retail,Northeast
2026-05-26,SKU-017,15.3,online,West
2026-05-27,SKU-017,12.4,online,Southwest
2026-05-28,SKU-017,12.9,retail,Southeast
2026-05-29,SKU-017,13.8,online,Midwest
2026-05-30,SKU-017,23.3,online,West
2026-05-31,SKU-017,18.5,retail,Northeast
2026-06-01,SKU-017,16.8,retail,Southeast
2026-06-02,SKU-017,12.8,wholesale,Southeast
2026-06-03,SKU-017,13.1,online,Northeast
2026-06-04,SKU-017,13.3,online,Southeast
2026-06-05,SKU-017,14.4,retail,Northeast
2026-06-06,SKU-017,21.3,online,Southwest
2026-06-07,SKU-017,19.0,retail,Southeast
2026-06-08,SKU-017,12.7,online,Northeast
2026-06-09,SKU-017,14.7,retail,Midwest
2026-06-10,SKU-017,11.8,online,Midwest
2026-06-11,SKU-017,16.1,online,Northeast
2025-12-14,SKU-018,10.9,online,Midwest
2025-12-15,SKU-018,7.9,online,Southwest
2025-12-16,SKU-018,7.4,online,West
2025-12-17,SKU-018,8.7,online,Northeast
2025-12-18,SKU-018,10.2,retail,Southeast
2025-12-19,SKU-018,8.7,retail,Midwest
2025-12-20,SKU-018,13.0,retail,Southwest
2025-12-21,SKU-018,12.8,retail,Southeast
2025-12-22,SKU-018,10.1,online,Northeast
2025-12-23,SKU-018,8.0,retail,Northeast
2025-12-24,SKU-018,7.6,wholesale,Southeast
2025-12-25,SKU-018,8.4,online,Northeast
2025-12-26,SKU-018,7.9,retail,Midwest
2025-12-27,SKU-018,11.0,online,Southeast
2025-12-28,SKU-018,14.7,online,Southeast
2025-12-29,SKU-018,8.7,retail,Midwest
2025-12-30,SKU-018,12.4,retail,Southwest
2025-12-31,SKU-018,12.9,wholesale,West
2026-01-01,SKU-018,11.2,online,West
2026-01-02,SKU-018,8.3,online,Southwest
2026-01-03,SKU-018,14.8,online,Midwest
2026-01-04,SKU-018,16.8,online,Northeast
2026-01-05,SKU-018,13.4,online,Southeast
2026-01-06,SKU-018,12.3,online,Southwest
2026-01-07,SKU-018,13.1,wholesale,Southeast
2026-01-08,SKU-018,10.8,retail,Southwest
2026-01-09,SKU-018,12.8,online,Midwest
2026-01-10,SKU-018,11.7,online,Southwest
2026-01-11,SKU-018,13.9,retail,Southwest
2026-01-12,SKU-018,11.2,retail,Southwest
2026-01-13,SKU-018,10.2,wholesale,Midwest
2026-01-14,SKU-018,12.9,retail,Southeast
2026-01-15,SKU-018,10.1,retail,Midwest
2026-01-16,SKU-018,9.1,online,Midwest
2026-01-17,SKU-018,17.5,online,Northeast
2026-01-18,SKU-018,18.3,online,Southeast
2026-01-19,SKU-018,12.3,online,Midwest
2026-01-20,SKU-018,13.0,wholesale,Midwest
2026-01-21,SKU-018,9.7,retail,Southwest
2026-01-22,SKU-018,10.9,online,Southwest
2026-01-23,SKU-018,11.2,wholesale,Northeast
2026-01-24,SKU-018,17.6,online,Midwest
2026-01-25,SKU-018,15.0,wholesale,Southwest
2026-01-26,SKU-018,13.7,wholesale,Southwest
2026-01-27,SKU-018,10.3,retail,West
2026-01-28,SKU-018,15.8,online,Southwest
2026-01-29,SKU-018,13.3,retail,Southeast
2026-01-30,SKU-018,11.9,online,West
2026-01-31,SKU-018,13.2,online,West
2026-02-01,SKU-018,17.6,wholesale,Northeast
2026-02-02,SKU-018,13.3,online,Southeast
2026-02-03,SKU-018,11.3,online,Southeast
2026-02-04,SKU-018,14.5,online,Southeast
2026-02-05,SKU-018,16.2,retail,Southwest
2026-02-06,SKU-018,11.5,online,West
2026-02-07,SKU-018,14.5,wholesale,West
2026-02-08,SKU-018,15.7,retail,Northeast
2026-02-09,SKU-018,14.6,online,Northeast
2026-02-10,SKU-018,11.3,online,Northeast
2026-02-11,SKU-018,11.5,retail,Midwest
2026-02-12,SKU-018,11.6,retail,Northeast
2026-02-13,SKU-018,16.3,online,Northeast
2026-02-14,SKU-018,17.7,retail,Northeast
2026-02-15,SKU-018,17.4,online,Southwest
2026-02-16,SKU-018,17.3,retail,Midwest
2026-02-17,SKU-018,13.3,online,Northeast
2026-02-18,SKU-018,14.9,online,Southwest
2026-02-19,SKU-018,11.9,retail,Northeast
2026-02-20,SKU-018,15.1,online,West
2026-02-21,SKU-018,14.8,wholesale,Northeast
2026-02-22,SKU-018,18.3,online,Midwest
2026-02-23,SKU-018,16.2,online,West
2026-02-24,SKU-018,16.5,retail,Northeast
2026-02-25,SKU-018,15.1,wholesale,Southeast
2026-02-26,SKU-018,12.2,wholesale,Midwest
2026-02-27,SKU-018,12.0,online,Midwest
2026-02-28,SKU-018,22.5,wholesale,Northeast
2026-03-01,SKU-018,23.1,online,Southwest
2026-03-02,SKU-018,14.2,online,West
2026-03-03,SKU-018,12.8,retail,Midwest
2026-03-04,SKU-018,16.6,online,Northeast
2026-03-05,SKU-018,13.9,online,Midwest
2026-03-06,SKU-018,19.2,retail,Northeast
2026-03-07,SKU-018,21.9,wholesale,Southeast
2026-03-08,SKU-018,25.7,online,Southeast
2026-03-09,SKU-018,15.1,retail,West
2026-03-10,SKU-018,18.5,online,West
2026-03-11,SKU-018,19.7,online,Northeast
2026-03-12,SKU-018,14.7,online,West
2026-03-13,SKU-018,15.0,online,West
2026-03-14,SKU-018,21.5,online,Midwest
2026-03-15,SKU-018,18.9,wholesale,Southeast
2026-03-16,SKU-018,15.4,retail,Southwest
2026-03-17,SKU-018,16.7,retail,Southeast
2026-03-18,SKU-018,15.5,retail,West
2026-03-19,SKU-018,16.7,retail,Southeast
2026-03-20,SKU-018,18.2,online,Northeast
2026-03-21,SKU-018,17.1,wholesale,Midwest
2026-03-22,SKU-018,24.3,wholesale,Northeast
2026-03-23,SKU-018,13.0,online,Southeast
2026-03-24,SKU-018,15.0,online,Southwest
2026-03-25,SKU-018,20.7,wholesale,Southeast
2026-03-26,SKU-018,14.4,online,Southeast
2026-03-27,SKU-018,13.6,retail,Southeast
2026-03-28,SKU-018,19.2,online,West
2026-03-29,SKU-018,22.5,retail,Southwest
2026-03-30,SKU-018,13.3,retail,Southeast
2026-03-31,SKU-018,13.0,online,Northeast
2026-04-01,SKU-018,14.8,online,West
2026-04-02,SKU-018,14.0,online,Southeast
2026-04-03,SKU-018,19.2,retail,Midwest
2026-04-04,SKU-018,20.4,retail,West
2026-04-05,SKU-018,27.7,retail,Midwest
2026-04-06,SKU-018,13.8,online,Northeast
2026-04-07,SKU-018,18.1,online,Southeast
2026-04-08,SKU-018,13.0,retail,West
2026-04-09,SKU-018,17.7,retail,Southwest
2026-04-10,SKU-018,17.2,retail,West
2026-04-11,SKU-018,25.4,online,Northeast
2026-04-12,SKU-018,24.8,wholesale,Southeast
2026-04-13,SKU-018,19.4,online,Northeast
2026-04-14,SKU-018,14.9,online,Southwest
2026-04-15,SKU-018,18.2,online,West
2026-04-16,SKU-018,17.1,retail,West
2026-04-17,SKU-018,20.2,online,Midwest
2026-04-18,SKU-018,22.5,online,Northeast
2026-04-19,SKU-018,19.8,online,Midwest
2026-04-20,SKU-018,13.2,online,Southwest
2026-04-21,SKU-018,13.9,online,Northeast
2026-04-22,SKU-018,19.6,online,Southwest
2026-04-23,SKU-018,14.8,wholesale,Southeast
2026-04-24,SKU-018,15.3,wholesale,Southwest
2026-04-25,SKU-018,16.2,wholesale,West
2026-04-26,SKU-018,19.0,online,Midwest
2026-04-27,SKU-018,13.1,online,Midwest
2026-04-28,SKU-018,21.3,retail,Midwest
2026-04-29,SKU-018,19.5,retail,Southeast
2026-04-30,SKU-018,19.1,online,West
2026-05-01,SKU-018,20.7,retail,Southwest
2026-05-02,SKU-018,24.1,online,Southwest
2026-05-03,SKU-018,28.2,online,Northeast
2026-05-04,SKU-018,15.4,online,West
2026-05-05,SKU-018,13.6,retail,Southeast
2026-05-06,SKU-018,20.5,retail,Southeast
2026-05-07,SKU-018,19.5,online,Southwest
2026-05-08,SKU-018,17.3,retail,Southwest
2026-05-09,SKU-018,25.2,online,Southeast
2026-05-10,SKU-018,22.4,online,West
2026-05-11,SKU-018,13.2,retail,West
2026-05-12,SKU-018,14.8,wholesale,Southwest
2026-05-13,SKU-018,13.4,online,West
2026-05-14,SKU-018,13.6,online,Midwest
2026-05-15,SKU-018,17.4,wholesale,Northeast
2026-05-16,SKU-018,20.5,online,Southeast
2026-05-17,SKU-018,29.3,online,Midwest
2026-05-18,SKU-018,17.5,online,Northeast
2026-05-19,SKU-018,14.1,retail,Midwest
2026-05-20,SKU-018,20.9,wholesale,West
2026-05-21,SKU-018,18.0,online,Northeast
2026-05-22,SKU-018,20.7,online,Midwest
2026-05-23,SKU-018,23.8,online,Southwest
2026-05-24,SKU-018,28.6,online,Midwest
2026-05-25,SKU-018,16.7,retail,Midwest
2026-05-26,SKU-018,15.5,retail,Southwest
2026-05-27,SKU-018,16.1,wholesale,Northeast
2026-05-28,SKU-018,17.5,retail,Southeast
2026-05-29,SKU-018,18.1,retail,Southeast
2026-05-30,SKU-018,23.3,online,Southeast
2026-05-31,SKU-018,24.0,wholesale,Southeast
2026-06-01,SKU-018,15.4,online,Northeast
2026-06-02,SKU-018,15.0,online,Southwest
2026-06-03,SKU-018,19.4,online,Northeast
2026-06-04,SKU-018,13.5,online,West
2026-06-05,SKU-018,18.2,online,Midwest
2026-06-06,SKU-018,15.1,online,Southwest
2026-06-07,SKU-018,22.5,retail,West
2026-06-08,SKU-018,12.8,online,Southwest
2026-06-09,SKU-018,13.1,online,Southeast
2026-06-10,SKU-018,14.3,online,Southwest
2026-06-11,SKU-018,17.8,online,Midwest
2025-12-14,SKU-019,33.2,wholesale,Southeast
2025-12-15,SKU-019,15.9,wholesale,West
2025-12-16,SKU-019,18.2,retail,Northeast
2025-12-17,SKU-019,16.9,online,Northeast
2025-12-18,SKU-019,18.6,retail,West
2025-12-19,SKU-019,21.1,retail,Midwest
2025-12-20,SKU-019,21.3,online,West
2025-12-21,SKU-019,27.4,retail,Southeast
2025-12-22,SKU-019,17.9,wholesale,West
2025-12-23,SKU-019,20.9,retail,Southeast
2025-12-24,SKU-019,26.1,online,Southwest
2025-12-25,SKU-019,20.1,online,Southwest
2025-12-26,SKU-019,18.1,retail,Southwest
2025-12-27,SKU-019,27.4,online,Midwest
2025-12-28,SKU-019,23.1,wholesale,Southeast
2025-12-29,SKU-019,21.5,online,West
2025-12-30,SKU-019,19.0,retail,West
2025-12-31,SKU-019,26.5,wholesale,West
2026-01-01,SKU-019,23.2,retail,Northeast
2026-01-02,SKU-019,18.7,wholesale,West
2026-01-03,SKU-019,29.0,retail,Southwest
2026-01-04,SKU-019,29.2,online,Southeast
2026-01-05,SKU-019,27.1,retail,Northeast
2026-01-06,SKU-019,20.6,online,Midwest
2026-01-07,SKU-019,26.4,retail,Northeast
2026-01-08,SKU-019,24.3,retail,West
2026-01-09,SKU-019,21.2,online,Southwest
2026-01-10,SKU-019,25.9,wholesale,Midwest
2026-01-11,SKU-019,25.5,online,West
2026-01-12,SKU-019,20.9,retail,Southeast
2026-01-13,SKU-019,22.8,online,West
2026-01-14,SKU-019,23.9,retail,Northeast
2026-01-15,SKU-019,28.0,retail,Northeast
2026-01-16,SKU-019,17.8,online,West
2026-01-17,SKU-019,21.8,retail,Southwest
2026-01-18,SKU-019,38.8,online,West
2026-01-19,SKU-019,22.6,retail,Midwest
2026-01-20,SKU-019,26.5,online,West
2026-01-21,SKU-019,23.2,online,West
2026-01-22,SKU-019,27.7,online,West
2026-01-23,SKU-019,21.7,retail,West
2026-01-24,SKU-019,20.7,online,Southeast
2026-01-25,SKU-019,32.4,online,Midwest
2026-01-26,SKU-019,20.5,wholesale,West
2026-01-27,SKU-019,24.7,online,West
2026-01-28,SKU-019,17.4,online,Midwest
2026-01-29,SKU-019,26.6,retail,Southwest
2026-01-30,SKU-019,20.7,online,Southwest
2026-01-31,SKU-019,34.3,online,West
2026-02-01,SKU-019,27.4,retail,Northeast
2026-02-02,SKU-019,26.2,retail,Southeast
2026-02-03,SKU-019,27.8,online,Southeast
2026-02-04,SKU-019,21.7,online,Southeast
2026-02-05,SKU-019,22.1,online,Southeast
2026-02-06,SKU-019,22.8,retail,West
2026-02-07,SKU-019,32.3,retail,Midwest
2026-02-08,SKU-019,37.8,online,Midwest
2026-02-09,SKU-019,19.4,online,West
2026-02-10,SKU-019,17.2,retail,Southeast
2026-02-11,SKU-019,17.4,retail,Northeast
2026-02-12,SKU-019,23.5,online,Southeast
2026-02-13,SKU-019,28.2,retail,Midwest
2026-02-14,SKU-019,23.1,retail,Southeast
2026-02-15,SKU-019,28.9,retail,Southeast
2026-02-16,SKU-019,25.2,retail,West
2026-02-17,SKU-019,25.6,retail,Midwest
2026-02-18,SKU-019,17.9,online,Northeast
2026-02-19,SKU-019,24.1,retail,Northeast
2026-02-20,SKU-019,18.1,wholesale,Northeast
2026-02-21,SKU-019,21.9,online,Southeast
2026-02-22,SKU-019,25.4,online,Midwest
2026-02-23,SKU-019,27.0,online,Northeast
2026-02-24,SKU-019,22.3,online,Northeast
2026-02-25,SKU-019,22.2,retail,Southeast
2026-02-26,SKU-019,24.4,online,Midwest
2026-02-27,SKU-019,23.7,online,Southeast
2026-02-28,SKU-019,22.6,online,Southeast
2026-03-01,SKU-019,34.0,retail,Northeast
2026-03-02,SKU-019,17.9,online,Midwest
2026-03-03,SKU-019,21.9,retail,Southwest
2026-03-04,SKU-019,16.6,retail,Midwest
2026-03-05,SKU-019,26.6,online,Northeast
2026-03-06,SKU-019,22.3,retail,Southeast
2026-03-07,SKU-019,22.7,online,Southeast
2026-03-08,SKU-019,23.7,online,Northeast
2026-03-09,SKU-019,24.2,wholesale,Midwest
2026-03-10,SKU-019,19.2,online,Northeast
2026-03-11,SKU-019,20.0,retail,Midwest
2026-03-12,SKU-019,21.2,retail,West
2026-03-13,SKU-019,21.6,online,Southeast
2026-03-14,SKU-019,22.7,online,Midwest
2026-03-15,SKU-019,37.3,online,Southwest
2026-03-16,SKU-019,19.3,retail,West
2026-03-17,SKU-019,20.5,online,Southwest
2026-03-18,SKU-019,23.7,retail,Southwest
2026-03-19,SKU-019,16.9,online,Southeast
2026-03-20,SKU-019,21.7,online,Northeast
2026-03-21,SKU-019,24.7,wholesale,Southwest
2026-03-22,SKU-019,25.9,online,Southwest
2026-03-23,SKU-019,24.1,retail,Southwest
2026-03-24,SKU-019,19.1,online,Southeast
2026-03-25,SKU-019,23.8,online,Southeast
2026-03-26,SKU-019,19.1,online,Midwest
2026-03-27,SKU-019,19.1,retail,Northeast
2026-03-28,SKU-019,18.6,retail,Midwest
2026-03-29,SKU-019,24.7,retail,Midwest
2026-03-30,SKU-019,24.2,retail,West
2026-03-31,SKU-019,17.9,online,Southeast
2026-04-01,SKU-019,16.0,online,Southwest
2026-04-02,SKU-019,24.4,retail,Northeast
2026-04-03,SKU-019,20.6,retail,West
2026-04-04,SKU-019,21.7,online,Southeast
2026-04-05,SKU-019,21.6,online,Northeast
2026-04-06,SKU-019,24.3,online,Northeast
2026-04-07,SKU-019,19.0,retail,Southwest
2026-04-08,SKU-019,18.2,retail,Midwest
2026-04-09,SKU-019,14.6,retail,Southwest
2026-04-10,SKU-019,23.9,wholesale,Midwest
2026-04-11,SKU-019,18.8,wholesale,Northeast
2026-04-12,SKU-019,32.3,wholesale,Northeast
2026-04-13,SKU-019,17.4,online,West
2026-04-14,SKU-019,15.0,retail,Midwest
2026-04-15,SKU-019,16.6,retail,West
2026-04-16,SKU-019,14.7,retail,West
2026-04-17,SKU-019,19.5,online,West
2026-04-18,SKU-019,22.2,retail,Northeast
2026-04-19,SKU-019,30.5,wholesale,Northeast
2026-04-20,SKU-019,13.9,online,Northeast
2026-04-21,SKU-019,14.8,wholesale,West
2026-04-22,SKU-019,15.5,online,Midwest
2026-04-23,SKU-019,20.7,retail,Northeast
2026-04-24,SKU-019,21.7,wholesale,Midwest
2026-04-25,SKU-019,25.5,online,Northeast
2026-04-26,SKU-019,30.6,online,Midwest
2026-04-27,SKU-019,19.2,retail,West
2026-04-28,SKU-019,15.4,online,Southeast
2026-04-29,SKU-019,18.0,online,Midwest
2026-04-30,SKU-019,20.3,retail,West
2026-05-01,SKU-019,18.3,retail,Southwest
2026-05-02,SKU-019,20.9,retail,West
2026-05-03,SKU-019,29.8,online,West
2026-05-04,SKU-019,14.5,online,Midwest
2026-05-05,SKU-019,18.5,online,Southeast
2026-05-06,SKU-019,17.9,retail,Southeast
2026-05-07,SKU-019,18.1,online,West
2026-05-08,SKU-019,12.8,online,Southeast
2026-05-09,SKU-019,19.5,online,West
2026-05-10,SKU-019,18.5,online,Southwest
2026-05-11,SKU-019,18.3,retail,Midwest
2026-05-12,SKU-019,18.1,online,West
2026-05-13,SKU-019,17.2,retail,Northeast
2026-05-14,SKU-019,19.1,online,Midwest
2026-05-15,SKU-019,14.9,online,Southwest
2026-05-16,SKU-019,19.1,retail,Southeast
2026-05-17,SKU-019,17.4,online,Midwest
2026-05-18,SKU-019,19.0,retail,Northeast
2026-05-19,SKU-019,12.7,wholesale,Northeast
2026-05-20,SKU-019,13.3,wholesale,Southeast
2026-05-21,SKU-019,13.5,online,Southwest
2026-05-22,SKU-019,14.8,online,Southwest
2026-05-23,SKU-019,14.4,online,Southeast
2026-05-24,SKU-019,20.2,online,Midwest
2026-05-25,SKU-019,11.6,online,Northeast
2026-05-26,SKU-019,11.5,online,West
2026-05-27,SKU-019,12.5,online,Southeast
2026-05-28,SKU-019,15.3,retail,West
2026-05-29,SKU-019,14.7,online,Northeast
2026-05-30,SKU-019,18.8,wholesale,Southeast
2026-05-31,SKU-019,16.5,wholesale,Southwest
2026-06-01,SKU-019,12.7,online,Northeast
2026-06-02,SKU-019,12.7,wholesale,West
2026-06-03,SKU-019,13.4,online,Midwest
2026-06-04,SKU-019,14.1,online,Southeast
2026-06-05,SKU-019,13.0,online,Southwest
2026-06-06,SKU-019,15.1,online,Southeast
2026-06-07,SKU-019,19.8,retail,West
2026-06-08,SKU-019,15.5,wholesale,Southeast
2026-06-09,SKU-019,11.5,retail,Southeast
2026-06-10,SKU-019,11.6,wholesale,Southeast
2026-06-11,SKU-019,16.8,retail,West
2025-12-14,SKU-020,14.9,online,Midwest
2025-12-15,SKU-020,13.7,online,Northeast
2025-12-16,SKU-020,12.1,wholesale,Southwest
2025-12-17,SKU-020,8.7,wholesale,West
2025-12-18,SKU-020,9.4,retail,Southwest
2025-12-19,SKU-020,12.7,online,Southeast
2025-12-20,SKU-020,14.3,online,Southeast
2025-12-21,SKU-020,19.0,online,Midwest
2025-12-22,SKU-020,11.5,retail,Southwest
2025-12-23,SKU-020,10.4,online,Midwest
2025-12-24,SKU-020,11.6,retail,Midwest
2025-12-25,SKU-020,13.1,wholesale,Southwest
2025-12-26,SKU-020,11.8,online,Southwest
2025-12-27,SKU-020,16.1,online,West
2025-12-28,SKU-020,20.0,retail,Southeast
2025-12-29,SKU-020,11.1,online,Southwest
2025-12-30,SKU-020,13.5,wholesale,Midwest
2025-12-31,SKU-020,10.3,online,West
2026-01-01,SKU-020,12.9,wholesale,Southwest
2026-01-02,SKU-020,14.5,online,Southwest
2026-01-03,SKU-020,12.3,wholesale,Midwest
2026-01-04,SKU-020,20.6,online,West
2026-01-05,SKU-020,14.9,online,Southeast
2026-01-06,SKU-020,9.4,retail,Midwest
2026-01-07,SKU-020,14.3,online,West
2026-01-08,SKU-020,12.7,retail,Midwest
2026-01-09,SKU-020,11.0,wholesale,West
2026-01-10,SKU-020,18.0,online,Southeast
2026-01-11,SKU-020,17.7,online,Southwest
2026-01-12,SKU-020,13.3,online,Midwest
2026-01-13,SKU-020,9.6,online,West
2026-01-14,SKU-020,9.5,online,Southwest
2026-01-15,SKU-020,10.0,online,Northeast
2026-01-16,SKU-020,11.9,retail,Northeast
2026-01-17,SKU-020,11.6,online,Midwest
2026-01-18,SKU-020,20.1,retail,Southwest
2026-01-19,SKU-020,10.3,online,Midwest
2026-01-20,SKU-020,10.2,retail,West
2026-01-21,SKU-020,12.9,online,Southeast
2026-01-22,SKU-020,9.5,wholesale,Southeast
2026-01-23,SKU-020,14.4,retail,West
2026-01-24,SKU-020,14.3,wholesale,Midwest
2026-01-25,SKU-020,21.4,retail,Southeast
2026-01-26,SKU-020,12.8,retail,Midwest
2026-01-27,SKU-020,14.3,online,Southeast
2026-01-28,SKU-020,10.9,online,Southeast
2026-01-29,SKU-020,11.2,online,Southwest
2026-01-30,SKU-020,15.1,online,Southeast
2026-01-31,SKU-020,14.1,wholesale,West
2026-02-01,SKU-020,14.1,retail,Midwest
2026-02-02,SKU-020,12.4,retail,Midwest
2026-02-03,SKU-020,12.2,online,West
2026-02-04,SKU-020,15.2,online,Southwest
2026-02-05,SKU-020,9.4,retail,Northeast
2026-02-06,SKU-020,14.0,retail,Midwest
2026-02-07,SKU-020,17.1,retail,Midwest
2026-02-08,SKU-020,14.3,retail,Southwest
2026-02-09,SKU-020,14.7,online,West
2026-02-10,SKU-020,10.0,retail,West
2026-02-11,SKU-020,14.2,wholesale,West
2026-02-12,SKU-020,14.4,online,Midwest
2026-02-13,SKU-020,14.3,retail,Midwest
2026-02-14,SKU-020,15.5,retail,Southwest
2026-02-15,SKU-020,17.2,online,Northeast
2026-02-16,SKU-020,9.9,retail,Southwest
2026-02-17,SKU-020,13.6,online,Southeast
2026-02-18,SKU-020,12.3,retail,West
2026-02-19,SKU-020,9.9,wholesale,Southeast
2026-02-20,SKU-020,10.9,online,Northeast
2026-02-21,SKU-020,16.9,retail,Southeast
2026-02-22,SKU-020,13.8,online,Southwest
2026-02-23,SKU-020,14.3,retail,Southeast
2026-02-24,SKU-020,10.2,online,Southwest
2026-02-25,SKU-020,11.6,online,Northeast
2026-02-26,SKU-020,10.8,online,Southeast
2026-02-27,SKU-020,13.8,retail,Southwest
2026-02-28,SKU-020,12.7,retail,West
2026-03-01,SKU-020,19.9,retail,West
2026-03-02,SKU-020,9.7,online,Southeast
2026-03-03,SKU-020,13.7,retail,Southeast
2026-03-04,SKU-020,11.8,retail,Southeast
2026-03-05,SKU-020,11.6,online,Northeast
2026-03-06,SKU-020,14.4,online,Midwest
2026-03-07,SKU-020,13.3,retail,Northeast
2026-03-08,SKU-020,16.2,retail,Southeast
2026-03-09,SKU-020,8.8,online,Southwest
2026-03-10,SKU-020,10.9,retail,Northeast
2026-03-11,SKU-020,12.3,wholesale,Southwest
2026-03-12,SKU-020,11.1,wholesale,Midwest
2026-03-13,SKU-020,14.0,online,West
2026-03-14,SKU-020,12.2,wholesale,Midwest
2026-03-15,SKU-020,16.1,wholesale,Southeast
2026-03-16,SKU-020,10.4,retail,West
2026-03-17,SKU-020,11.3,online,Southeast
2026-03-18,SKU-020,10.4,retail,Midwest
2026-03-19,SKU-020,10.9,wholesale,Southeast
2026-03-20,SKU-020,9.9,retail,Midwest
2026-03-21,SKU-020,16.2,online,West
2026-03-22,SKU-020,14.7,online,Southeast
2026-03-23,SKU-020,11.4,wholesale,Southwest
2026-03-24,SKU-020,9.6,retail,Southwest
2026-03-25,SKU-020,13.3,online,Southwest
2026-03-26,SKU-020,12.6,online,Northeast
2026-03-27,SKU-020,12.6,online,Northeast
2026-03-28,SKU-020,14.0,online,West
2026-03-29,SKU-020,13.8,online,Southeast
2026-03-30,SKU-020,8.5,wholesale,West
2026-03-31,SKU-020,11.9,online,Northeast
2026-04-01,SKU-020,8.2,online,Northeast
2026-04-02,SKU-020,12.3,online,Midwest
2026-04-03,SKU-020,10.9,retail,Southeast
2026-04-04,SKU-020,11.4,retail,West
2026-04-05,SKU-020,11.9,retail,Southwest
2026-04-06,SKU-020,8.7,online,West
2026-04-07,SKU-020,11.1,online,Southeast
2026-04-08,SKU-020,9.8,retail,Southeast
2026-04-09,SKU-020,8.0,online,Northeast
2026-04-10,SKU-020,8.5,retail,Northeast
2026-04-11,SKU-020,11.2,online,Southwest
2026-04-12,SKU-020,16.6,online,Southwest
2026-04-13,SKU-020,9.8,retail,Southwest
2026-04-14,SKU-020,11.4,retail,Midwest
2026-04-15,SKU-020,10.3,retail,Southeast
2026-04-16,SKU-020,11.1,online,West
2026-04-17,SKU-020,11.4,retail,Southeast
2026-04-18,SKU-020,13.2,online,Northeast
2026-04-19,SKU-020,13.5,online,Southwest
2026-04-20,SKU-020,8.6,online,Midwest
2026-04-21,SKU-020,11.4,online,Midwest
2026-04-22,SKU-020,7.3,wholesale,Midwest
2026-04-23,SKU-020,7.3,retail,Southwest
2026-04-24,SKU-020,11.2,retail,West
2026-04-25,SKU-020,11.7,retail,Northeast
2026-04-26,SKU-020,13.5,wholesale,Midwest
2026-04-27,SKU-020,9.7,online,West
2026-04-28,SKU-020,7.9,online,Northeast
2026-04-29,SKU-020,7.3,retail,Midwest
2026-04-30,SKU-020,10.7,retail,Northeast
2026-05-01,SKU-020,7.6,online,Southwest
2026-05-02,SKU-020,12.7,retail,Northeast
2026-05-03,SKU-020,11.4,online,West
2026-05-04,SKU-020,9.1,retail,Northeast
2026-05-05,SKU-020,10.2,online,Southeast
2026-05-06,SKU-020,7.6,online,Northeast
2026-05-07,SKU-020,8.5,online,Midwest
2026-05-08,SKU-020,8.1,online,Southeast
2026-05-09,SKU-020,7.7,online,Southeast
2026-05-10,SKU-020,12.0,wholesale,Northeast
2026-05-11,SKU-020,8.5,online,West
2026-05-12,SKU-020,9.0,online,West
2026-05-13,SKU-020,8.4,online,Northeast
2026-05-14,SKU-020,9.7,wholesale,Midwest
2026-05-15,SKU-020,7.4,online,Northeast
2026-05-16,SKU-020,8.4,online,Northeast
2026-05-17,SKU-020,9.7,retail,Southwest
2026-05-18,SKU-020,8.2,wholesale,Northeast
2026-05-19,SKU-020,9.3,online,Northeast
2026-05-20,SKU-020,6.1,online,Southeast
2026-05-21,SKU-020,6.9,online,Southwest
2026-05-22,SKU-020,8.3,online,Midwest
2026-05-23,SKU-020,7.5,online,Northeast
2026-05-24,SKU-020,11.6,online,Southwest
2026-05-25,SKU-020,6.4,retail,Midwest
2026-05-26,SKU-020,9.0,wholesale,West
2026-05-27,SKU-020,8.2,wholesale,Southwest
2026-05-28,SKU-020,6.6,retail,Southwest
2026-05-29,SKU-020,8.8,online,Southwest
2026-05-30,SKU-020,8.9,online,West
2026-05-31,SKU-020,11.4,retail,Midwest
2026-06-01,SKU-020,5.7,wholesale,Southwest
2026-06-02,SKU-020,6.2,retail,Southeast
2026-06-03,SKU-020,5.8,retail,Southeast
2026-06-04,SKU-020,5.5,online,West
2026-06-05,SKU-020,7.6,online,Northeast
2026-06-06,SKU-020,6.5,retail,Midwest
2026-06-07,SKU-020,8.8,online,Northeast
2026-06-08,SKU-020,5.4,wholesale,West
2026-06-09,SKU-020,6.9,wholesale,West
2026-06-10,SKU-020,6.7,online,West
2026-06-11,SKU-020,5.8,online,Northeast
